ccxNodeId,foamPointLabel,x,y,z
1,8607,1.00236,-0.0881502,0.1
2,8580,1.004,-0.0890014,0.1
3,21738,1.004,-0.0890014,0.15
4,21765,1.00236,-0.0881502,0.15
5,12036,0.952897,-0.084872,0.1
6,12037,0.94756,-0.0844413,0.1
7,25195,0.94756,-0.0844413,0.15
8,25194,0.952897,-0.084872,0.15
9,12040,0.958249,-0.0852761,0.1
10,25198,0.958249,-0.0852761,0.15
11,12045,0.140065,-0.0412148,0.1
12,12046,0.134709,-0.0407917,0.1
13,25204,0.134709,-0.0407917,0.15
14,25203,0.140065,-0.0412148,0.15
15,12051,0.0440394,0.0389468,0.1
16,12052,0.0482783,0.0406844,0.1
17,25210,0.0482783,0.0406844,0.15
18,25209,0.0440394,0.0389468,0.15
19,12057,0.559146,0.0381017,0.1
20,12058,0.563662,0.0372154,0.1
21,25216,0.563662,0.0372154,0.15
22,25215,0.559146,0.0381017,0.15
23,12061,0.129366,-0.0403371,0.1
24,25219,0.129366,-0.0403371,0.15
25,12066,0.735779,-0.0028717,0.1
26,12067,0.743356,-0.00488488,0.1
27,25225,0.743356,-0.00488488,0.15
28,25224,0.735779,-0.0028717,0.15
29,12072,0.903463,-0.0531327,0.1
30,12073,0.907856,-0.0545707,0.1
31,25231,0.907856,-0.0545707,0.15
32,25230,0.903463,-0.0531327,0.15
33,12078,0.995066,-0.0882592,0.1
34,12079,0.990347,-0.0878927,0.1
35,25237,0.990347,-0.0878927,0.15
36,25236,0.995066,-0.0882592,0.15
37,12082,0.055694,0.0434126,0.1
38,25240,0.055694,0.0434126,0.15
39,12087,0.00654038,0.0161572,0.1
40,12088,0.0121963,0.0214907,0.1
41,25246,0.0121963,0.0214907,0.15
42,25245,0.00654038,0.0161572,0.15
43,12093,0.694562,-0.0672861,0.1
44,12094,0.68919,-0.0669854,0.1
45,25252,0.68919,-0.0669854,0.15
46,25251,0.694562,-0.0672861,0.15
47,12099,0.678496,-0.0663887,0.1
48,12100,0.673414,-0.0661052,0.1
49,25258,0.673414,-0.0661052,0.15
50,25257,0.678496,-0.0663887,0.15
51,12103,0.699925,-0.0676033,0.1
52,25261,0.699925,-0.0676033,0.15
53,12108,0.716014,-0.0685542,0.1
54,12109,0.710651,-0.0682377,0.1
55,25267,0.710651,-0.0682377,0.15
56,25266,0.716014,-0.0685542,0.15
57,12114,0.763795,-0.0713974,0.1
58,12115,0.758859,-0.0710778,0.1
59,25273,0.758859,-0.0710778,0.15
60,25272,0.763795,-0.0713974,0.15
61,12120,0.79514,-0.0193544,0.1
62,12121,0.802701,-0.0215789,0.1
63,25279,0.802701,-0.0215789,0.15
64,25278,0.79514,-0.0193544,0.15
65,12126,0.937145,-0.0836625,0.1
66,12127,0.932668,-0.0833009,0.1
67,25285,0.932668,-0.0833009,0.15
68,25284,0.937145,-0.0836625,0.15
69,12129,1.00277,-0.0889025,0.1
70,25287,1.00277,-0.0889025,0.15
71,12134,0.974296,-0.086578,0.1
72,12135,0.968946,-0.0861687,0.1
73,25293,0.968946,-0.0861687,0.15
74,25292,0.974296,-0.086578,0.15
75,12140,0.968182,-0.075624,0.1
76,12141,0.972489,-0.0771835,0.1
77,25299,0.972489,-0.0771835,0.15
78,25298,0.968182,-0.075624,0.15
79,12146,0.172628,0.0673466,0.1
80,12147,0.177909,0.0678777,0.1
81,25305,0.177909,0.0678777,0.15
82,25304,0.172628,0.0673466,0.15
83,12150,0.183244,0.0683825,0.1
84,25308,0.183244,0.0683825,0.15
85,12155,0.193923,0.0692791,0.1
86,12156,0.199279,0.0696493,0.1
87,25314,0.199279,0.0696493,0.15
88,25313,0.193923,0.0692791,0.15
89,12161,0.34459,0.0688976,0.1
90,12162,0.34994,0.0684888,0.1
91,25320,0.34994,0.0684888,0.15
92,25319,0.34459,0.0688976,0.15
93,12167,0.328516,0.0699696,0.1
94,12168,0.333877,0.0696371,0.1
95,25326,0.333877,0.0696371,0.15
96,25325,0.328516,0.0699696,0.15
97,12171,0.355291,0.06808,0.1
98,25329,0.355291,0.06808,0.15
99,12176,0.365913,0.0671155,0.1
100,12177,0.370983,0.0666493,0.1
101,25335,0.370983,0.0666493,0.15
102,25334,0.365913,0.0671155,0.15
103,12182,0.161022,-0.0426295,0.1
104,12183,0.156087,-0.0423016,0.1
105,25341,0.156087,-0.0423016,0.15
106,25340,0.161022,-0.0426295,0.15
107,12186,0.150777,-0.0419382,0.1
108,25344,0.150777,-0.0419382,0.15
109,12191,0.824016,-0.0279376,0.1
110,12192,0.82847,-0.029303,0.1
111,25350,0.82847,-0.029303,0.15
112,25349,0.824016,-0.0279376,0.15
113,12197,0.882377,-0.0461785,0.1
114,12198,0.88674,-0.0475906,0.1
115,25356,0.88674,-0.0475906,0.15
116,25355,0.882377,-0.0461785,0.15
117,12203,0.539045,0.0419681,0.1
118,12204,0.543877,0.0410528,0.1
119,25362,0.543877,0.0410528,0.15
120,25361,0.539045,0.0419681,0.15
121,12207,0.549029,0.0400769,0.1
122,25365,0.549029,0.0400769,0.15
123,12212,0.651887,0.0181129,0.1
124,12213,0.656625,0.0170098,0.1
125,25371,0.656625,0.0170098,0.15
126,25370,0.651887,0.0181129,0.15
127,12218,0.113355,-0.0389032,0.1
128,12219,0.108075,-0.0383793,0.1
129,25377,0.108075,-0.0383793,0.15
130,25376,0.113355,-0.0389032,0.15
131,12222,0.118683,-0.0393971,0.1
132,25380,0.118683,-0.0393971,0.15
133,12227,0.565452,-0.060686,0.1
134,12228,0.560369,-0.0604416,0.1
135,25386,0.560369,-0.0604416,0.15
136,25385,0.565452,-0.060686,0.15
137,12233,0.608372,-0.0627347,0.1
138,12234,0.603002,-0.0624799,0.1
139,25392,0.603002,-0.0624799,0.15
140,25391,0.608372,-0.0627347,0.15
141,12239,0.592263,-0.0619691,0.1
142,12240,0.586893,-0.0617122,0.1
143,25398,0.586893,-0.0617122,0.15
144,25397,0.592263,-0.0619691,0.15
145,12243,0.570784,-0.0609415,0.1
146,25401,0.570784,-0.0609415,0.15
147,12246,0.581523,-0.0614553,0.1
148,25404,0.581523,-0.0614553,0.15
149,12249,0.66892,-0.0658645,0.1
150,25407,0.66892,-0.0658645,0.15
151,12254,0.65663,-0.0652142,0.1
152,12255,0.651315,-0.064933,0.1
153,25413,0.651315,-0.064933,0.15
154,25412,0.65663,-0.0652142,0.15
155,12258,0.613741,-0.0629895,0.1
156,25416,0.613741,-0.0629895,0.15
157,12263,0.629848,-0.0637824,0.1
158,12264,0.624481,-0.0634991,0.1
159,25422,0.624481,-0.0634991,0.15
160,25421,0.629848,-0.0637824,0.15
161,12267,0.645948,-0.0646464,0.1
162,25425,0.645948,-0.0646464,0.15
163,12270,0.635215,-0.0640704,0.1
164,25428,0.635215,-0.0640704,0.15
165,12275,0.737469,-0.0698078,0.1
166,12276,0.732105,-0.0694965,0.1
167,25434,0.732105,-0.0694965,0.15
168,25433,0.737469,-0.0698078,0.15
169,12279,0.721378,-0.0688683,0.1
170,25437,0.721378,-0.0688683,0.15
171,12284,0.752809,-0.00747,0.1
172,12285,0.757268,-0.00868932,0.1
173,25443,0.757268,-0.00868932,0.15
174,25442,0.752809,-0.00747,0.15
175,12288,0.742833,-0.0701164,0.1
176,25446,0.742833,-0.0701164,0.15
177,12291,0.753551,-0.0707343,0.1
178,25449,0.753551,-0.0707343,0.15
179,12294,0.807323,-0.0229387,0.1
180,25452,0.807323,-0.0229387,0.15
181,12297,0.816485,-0.0256769,0.1
182,25455,0.816485,-0.0256769,0.15
183,12300,0.979648,-0.0870197,0.1
184,25458,0.979648,-0.0870197,0.15
185,12305,0.155572,0.0653265,0.1
186,12306,0.163075,0.0662727,0.1
187,25464,0.163075,0.0662727,0.15
188,25463,0.155572,0.0653265,0.15
189,12311,0.134936,0.0624123,0.1
190,12312,0.140152,0.0632237,0.1
191,25470,0.140152,0.0632237,0.15
192,25469,0.134936,0.0624123,0.15
193,12315,0.15067,0.0646969,0.1
194,25473,0.15067,0.0646969,0.15
195,12318,0.129926,0.0615995,0.1
196,25476,0.129926,0.0615995,0.15
197,12323,0.215385,0.0706137,0.1
198,12324,0.220755,0.0708768,0.1
199,25482,0.220755,0.0708768,0.15
200,25481,0.215385,0.0706137,0.15
201,12327,0.204643,0.0700007,0.1
202,25485,0.204643,0.0700007,0.15
203,12330,0.226147,0.0710904,0.1
204,25488,0.226147,0.0710904,0.15
205,12335,0.307002,0.0710483,0.1
206,12336,0.3124,0.0708115,0.1
207,25494,0.3124,0.0708115,0.15
208,25493,0.307002,0.0710483,0.15
209,12339,0.323139,0.0702981,0.1
210,25497,0.323139,0.0702981,0.15
211,12342,0.301626,0.0712229,0.1
212,25500,0.301626,0.0712229,0.15
213,12345,0.375484,0.0662194,0.1
214,25503,0.375484,0.0662194,0.15
215,12350,0.387868,0.0649724,0.1
216,12351,0.393162,0.0644176,0.1
217,25509,0.393162,0.0644176,0.15
218,25508,0.387868,0.0649724,0.15
219,12356,0.414322,0.0618159,0.1
220,12357,0.419363,0.0611475,0.1
221,25515,0.419363,0.0611475,0.15
222,25514,0.414322,0.0618159,0.15
223,12360,0.398466,0.0637733,0.1
224,25518,0.398466,0.0637733,0.15
225,12363,0.409073,0.0624846,0.1
226,25521,0.409073,0.0624846,0.15
227,12366,0.644298,0.0198798,0.1
228,25524,0.644298,0.0198798,0.15
229,12371,0.769305,-0.012054,0.1
230,12372,0.773716,-0.0132957,0.1
231,25530,0.773716,-0.0132957,0.15
232,25529,0.769305,-0.012054,0.15
233,12377,0.86683,-0.078349,0.1
234,12378,0.861509,-0.0779844,0.1
235,25536,0.861509,-0.0779844,0.15
236,25535,0.86683,-0.078349,0.15
237,12381,0.856432,-0.0776336,0.1
238,25539,0.856432,-0.0776336,0.15
239,12384,0.872186,-0.078716,0.1
240,25542,0.872186,-0.078716,0.15
241,12387,0.877556,-0.0791301,0.1
242,25545,0.877556,-0.0791301,0.15
243,12390,0.942224,-0.0840255,0.1
244,25548,0.942224,-0.0840255,0.15
245,12393,0.963606,-0.08572,0.1
246,25551,0.963606,-0.08572,0.15
247,12396,0.145423,-0.0415721,0.1
248,25554,0.145423,-0.0415721,0.15
249,12401,0.870442,-0.0423492,0.1
250,12402,0.877955,-0.0447469,0.1
251,25560,0.877955,-0.0447469,0.15
252,25559,0.870442,-0.0423492,0.15
253,12405,0.039828,0.037197,0.1
254,25563,0.039828,0.037197,0.15
255,12408,0.554181,0.0390762,0.1
256,25566,0.554181,0.0390762,0.15
257,12413,0.0910224,-0.036454,0.1
258,12414,0.0861135,-0.0358225,0.1
259,25572,0.0861135,-0.0358225,0.15
260,25571,0.0910224,-0.036454,0.15
261,12417,0.0808727,-0.0351114,0.1
262,25575,0.0808727,-0.0351114,0.15
263,12420,0.0985197,-0.0373488,0.1
264,25578,0.0985197,-0.0373488,0.15
265,12423,0.103028,-0.0378478,0.1
266,25581,0.103028,-0.0378478,0.15
267,12426,0.124024,-0.039861,0.1
268,25584,0.124024,-0.039861,0.15
269,12429,0.74802,-0.00616036,0.1
270,25587,0.74802,-0.00616036,0.15
271,12434,0.909663,-0.0814915,0.1
272,12435,0.904314,-0.081094,0.1
273,25593,0.904314,-0.081094,0.15
274,25592,0.909663,-0.0814915,0.15
275,12438,0.898959,-0.0807167,0.1
276,25596,0.898959,-0.0807167,0.15
277,12441,0.898792,-0.0516034,0.1
278,25599,0.898792,-0.0516034,0.15
279,12444,0.915013,-0.0819046,0.1
280,25602,0.915013,-0.0819046,0.15
281,12447,0.920317,-0.0823041,0.1
282,25605,0.920317,-0.0823041,0.15
283,12452,0.915316,-0.0571262,0.1
284,12453,0.919709,-0.0586277,0.1
285,25611,0.919709,-0.0586277,0.15
286,25610,0.915316,-0.0571262,0.15
287,12456,0.985031,-0.0874714,0.1
288,25614,0.985031,-0.0874714,0.15
289,12461,0.466839,0.054298,0.1
290,12462,0.474385,0.0531381,0.1
291,25620,0.474385,0.0531381,0.15
292,25619,0.466839,0.054298,0.15
293,12465,0.571243,0.0357275,0.1
294,25623,0.571243,0.0357275,0.15
295,12468,0.576065,0.0347811,0.1
296,25626,0.576065,0.0347811,0.15
297,12473,0.0159357,-0.0181008,0.1
298,12474,0.012178,-0.0159818,0.1
299,25632,0.012178,-0.0159818,0.15
300,25631,0.0159357,-0.0181008,0.15
301,12477,0.683825,-0.066686,0.1
302,25635,0.683825,-0.066686,0.15
303,12480,0.705288,-0.0679205,0.1
304,25638,0.705288,-0.0679205,0.15
305,12483,0.764809,-0.0107888,0.1
306,25641,0.764809,-0.0107888,0.15
307,12486,0.771177,-0.0718751,0.1
308,25644,0.771177,-0.0718751,0.15
309,12489,0.851932,-0.0773221,0.1
310,25647,0.851932,-0.0773221,0.15
311,12492,0.844538,-0.0768092,0.1
312,25650,0.844538,-0.0768092,0.15
313,12497,0.888251,-0.0799488,0.1
314,12498,0.882905,-0.0795508,0.1
315,25656,0.882905,-0.0795508,0.15
316,25655,0.888251,-0.0799488,0.15
317,12503,0.956402,-0.0713406,0.1
318,12504,0.963844,-0.0740114,0.1
319,25662,0.963844,-0.0740114,0.15
320,25661,0.956402,-0.0713406,0.15
321,12507,0.167598,0.0668111,0.1
322,25665,0.167598,0.0668111,0.15
323,12510,0.188577,0.0688433,0.1
324,25668,0.188577,0.0688433,0.15
325,12513,0.339238,0.0693046,0.1
326,25671,0.339238,0.0693046,0.15
327,12516,0.360611,0.0676031,0.1
328,25674,0.360611,0.0676031,0.15
329,12519,0.832853,-0.030647,0.1
330,25677,0.832853,-0.030647,0.15
331,12522,0.0185381,0.0259693,0.1
332,25680,0.0185381,0.0259693,0.15
333,12527,0.022097,0.0282351,0.1
334,12528,0.0289023,0.0320577,0.1
335,25686,0.0289023,0.0320577,0.15
336,25685,0.022097,0.0282351,0.15
337,12531,0.0327263,0.0340139,0.1
338,25689,0.0327263,0.0340139,0.15
339,12534,0.661477,0.0158711,0.1
340,25692,0.661477,0.0158711,0.15
341,12539,0.665966,0.0147919,0.1
342,12540,0.673555,0.0129674,0.1
343,25698,0.673555,0.0129674,0.15
344,25697,0.665966,0.0147919,0.15
345,12545,0.0756001,-0.0343525,0.1
346,12546,0.0704187,-0.0335129,0.1
347,25704,0.0704187,-0.0335129,0.15
348,25703,0.0756001,-0.0343525,0.15
349,12551,0.0609081,-0.0318034,0.1
350,12552,0.0533366,-0.0302848,0.1
351,25710,0.0533366,-0.0302848,0.15
352,25709,0.0609081,-0.0318034,0.15
353,12555,0.0654274,-0.0326129,0.1
354,25713,0.0654274,-0.0326129,0.15
355,12558,0.555887,-0.060226,0.1
356,25716,0.555887,-0.060226,0.15
357,12561,0.597632,-0.0622251,0.1
358,25719,0.597632,-0.0622251,0.15
359,12564,0.576154,-0.0611984,0.1
360,25722,0.576154,-0.0611984,0.15
361,12567,0.661568,-0.0654755,0.1
362,25725,0.661568,-0.0654755,0.15
363,12570,0.619111,-0.0632443,0.1
364,25728,0.619111,-0.0632443,0.15
365,12573,0.640581,-0.0643584,0.1
366,25731,0.640581,-0.0643584,0.15
367,12576,0.726741,-0.0691824,0.1
368,25734,0.726741,-0.0691824,0.15
369,12579,0.748197,-0.0704251,0.1
370,25737,0.748197,-0.0704251,0.15
371,12582,0.812056,-0.0243488,0.1
372,25740,0.812056,-0.0243488,0.15
373,12585,0.893605,-0.0803353,0.1
374,25743,0.893605,-0.0803353,0.15
375,12588,0.894252,-0.0500939,0.1
376,25746,0.894252,-0.0500939,0.15
377,12591,0.925251,-0.0826712,0.1
378,25749,0.925251,-0.0826712,0.15
379,12594,0.924052,-0.0600967,0.1
380,25752,0.924052,-0.0600967,0.15
381,12597,0.145414,0.0640194,0.1
382,25755,0.145414,0.0640194,0.15
383,12600,0.125409,0.0608462,0.1
384,25758,0.125409,0.0608462,0.15
385,12603,0.210005,0.0703291,0.1
386,25761,0.210005,0.0703291,0.15
387,12606,0.231468,0.07129,0.1
388,25764,0.231468,0.07129,0.15
389,12609,0.236422,0.0714437,0.1
390,25767,0.236422,0.0714437,0.15
391,12612,0.31777,0.0705548,0.1
392,25770,0.31777,0.0705548,0.15
393,12615,0.296303,0.0713958,0.1
394,25773,0.296303,0.0713958,0.15
395,12618,0.291346,0.0715309,0.1
396,25776,0.291346,0.0715309,0.15
397,12621,0.382947,0.0654679,0.1
398,25779,0.382947,0.0654679,0.15
399,12624,0.423889,0.0605475,0.1
400,25782,0.423889,0.0605475,0.15
401,12627,0.40377,0.063129,0.1
402,25785,0.40377,0.063129,0.15
403,12632,0.586087,0.032679,0.1
404,12633,0.590594,0.0317189,0.1
405,25791,0.590594,0.0317189,0.15
406,25790,0.586087,0.032679,0.15
407,12636,0.581147,0.0337312,0.1
408,25794,0.581147,0.0337312,0.15
409,12641,0.687602,0.00953855,0.1
410,12642,0.695189,0.00764023,0.1
411,25800,0.695189,0.00764023,0.15
412,25799,0.687602,0.00953855,0.15
413,12645,0.699921,0.00645595,0.1
414,25803,0.699921,0.00645595,0.15
415,12650,0.0058575,-0.0111125,0.1
416,12651,0.00116659,-0.00441106,0.1
417,25809,0.00116659,-0.00441106,0.15
418,25808,0.0058575,-0.0111125,0.15
419,12654,-2.85039e-05,0.000312318,0.1
420,25812,-2.85039e-05,0.000312318,0.15
421,12657,0.000354379,0.00536318,0.1
422,25815,0.000354379,0.00536318,0.15
423,12662,0.177961,-0.0435803,0.1
424,12663,0.172879,-0.0433124,0.1
425,25821,0.172879,-0.0433124,0.15
426,25820,0.177961,-0.0435803,0.15
427,12666,0.183294,-0.0438674,0.1
428,25824,0.183294,-0.0438674,0.15
429,12671,0.220862,-0.0456461,0.1
430,12672,0.215495,-0.045425,0.1
431,25830,0.215495,-0.045425,0.15
432,25829,0.220862,-0.0456461,0.15
433,12675,0.731311,-0.00169124,0.1
434,25833,0.731311,-0.00169124,0.15
435,12680,0.861637,-0.0395603,0.1
436,12681,0.866071,-0.0409629,0.1
437,25839,0.866071,-0.0409629,0.15
438,25838,0.861637,-0.0395603,0.15
439,12686,0.51679,0.0460588,0.1
440,12687,0.521985,0.0451597,0.1
441,25845,0.521985,0.0451597,0.15
442,25844,0.51679,0.0460588,0.15
443,12690,0.52695,0.0442594,0.1
444,25848,0.52695,0.0442594,0.15
445,12695,0.263851,-0.0473509,0.1
446,12696,0.258477,-0.0471495,0.1
447,25854,0.258477,-0.0471495,0.15
448,25853,0.263851,-0.0473509,0.15
449,12699,0.226235,-0.0458643,0.1
450,25857,0.226235,-0.0458643,0.15
451,12704,0.350066,-0.050622,0.1
452,12705,0.344681,-0.0504148,0.1
453,25863,0.344681,-0.0504148,0.15
454,25862,0.350066,-0.050622,0.15
455,12710,0.312472,-0.0491965,0.1
456,12711,0.307389,-0.0490067,0.1
457,25869,0.307389,-0.0490067,0.15
458,25868,0.312472,-0.0491965,0.15
459,12714,0.269225,-0.0475549,0.1
460,25872,0.269225,-0.0475549,0.15
461,12717,0.302916,-0.0488397,0.1
462,25875,0.302916,-0.0488397,0.15
463,12720,0.355437,-0.0508645,0.1
464,25878,0.355437,-0.0508645,0.15
465,12725,0.393031,-0.0525967,0.1
466,12726,0.387661,-0.0523442,0.1
467,25884,0.387661,-0.0523442,0.15
468,25883,0.393031,-0.0525967,0.15
469,12729,0.398401,-0.0528492,0.1
470,25887,0.398401,-0.0528492,0.15
471,12734,0.988652,-0.0831228,0.1
472,12735,0.995711,-0.0857107,0.1
473,25893,0.995711,-0.0857107,0.15
474,25892,0.988652,-0.0831228,0.15
475,12740,0.0858115,0.0523957,0.1
476,12741,0.0933885,0.0543018,0.1
477,25899,0.0933885,0.0543018,0.15
478,25898,0.0858115,0.0523957,0.15
479,12746,0.479259,0.0523563,0.1
480,12747,0.484455,0.0515076,0.1
481,25905,0.484455,0.0515076,0.15
482,25904,0.479259,0.0523563,0.15
483,12752,0.0273342,-0.0231225,0.1
484,12753,0.0230848,-0.0214348,0.1
485,25911,0.0230848,-0.0214348,0.15
486,25910,0.0273342,-0.0231225,0.15
487,12758,0.709765,0.00393449,0.1
488,12759,0.714238,0.00277504,0.1
489,25917,0.714238,0.00277504,0.15
490,25916,0.709765,0.00393449,0.15
491,12762,0.781287,-0.0154285,0.1
492,25920,0.781287,-0.0154285,0.15
493,12767,0.780753,-0.0724882,0.1
494,12768,0.775672,-0.072163,0.1
495,25926,0.775672,-0.072163,0.15
496,25925,0.780753,-0.0724882,0.15
497,12771,0.785934,-0.0167388,0.1
498,25929,0.785934,-0.0167388,0.15
499,12774,0.786076,-0.0728291,0.1
500,25932,0.786076,-0.0728291,0.15
501,12779,0.802156,-0.0738451,0.1
502,12780,0.796795,-0.073507,0.1
503,25938,0.796795,-0.073507,0.15
504,25937,0.802156,-0.0738451,0.15
505,12785,0.947701,-0.0683044,0.1
506,12786,0.952074,-0.0698308,0.1
507,25944,0.952074,-0.0698308,0.15
508,25943,0.947701,-0.0683044,0.15
509,12788,0.999877,-0.0872382,0.1
510,25946,0.999877,-0.0872382,0.15
511,12793,0.258532,0.0718492,0.1
512,12794,0.263913,0.0718915,0.1
513,25952,0.263913,0.0718915,0.15
514,25951,0.258532,0.0718492,0.15
515,12797,0.243684,0.0716553,0.1
516,25955,0.243684,0.0716553,0.15
517,12800,0.248131,0.0717203,0.1
518,25958,0.248131,0.0717203,0.15
519,12803,0.269238,0.0718997,0.1
520,25961,0.269238,0.0718997,0.15
521,12806,0.284082,0.0716965,0.1
522,25964,0.284082,0.0716965,0.15
523,12809,0.279658,0.0717886,0.1
524,25967,0.279658,0.0717886,0.15
525,12814,0.625062,0.024222,0.1
526,12815,0.629845,0.0231625,0.1
527,25973,0.629845,0.0231625,0.15
528,25972,0.625062,0.024222,0.15
529,12818,0.0317103,-0.0246885,0.1
530,25976,0.0317103,-0.0246885,0.15
531,12823,0.0485806,-0.0292289,0.1
532,12824,0.0437177,-0.0281089,0.1
533,25982,0.0437177,-0.0281089,0.15
534,25981,0.0485806,-0.0292289,0.15
535,12829,0.199382,-0.0446783,0.1
536,12830,0.194021,-0.0444233,0.1
537,25988,0.194021,-0.0444233,0.15
538,25987,0.199382,-0.0446783,0.15
539,12833,0.204752,-0.044922,0.1
540,25991,0.204752,-0.044922,0.15
541,12836,0.721821,0.000809194,0.1
542,25994,0.721821,0.000809194,0.15
543,12841,0.499201,0.049099,0.1
544,12842,0.506756,0.0477951,0.1
545,26000,0.506756,0.0477951,0.15
546,25999,0.499201,0.049099,0.15
547,12847,0.247727,-0.0467405,0.1
548,12848,0.242354,-0.0465126,0.1
549,26006,0.242354,-0.0465126,0.15
550,26005,0.247727,-0.0467405,0.15
551,12851,0.236982,-0.0462871,0.1
552,26009,0.236982,-0.0462871,0.15
553,12856,0.333933,-0.0500063,0.1
554,12857,0.328558,-0.0498028,0.1
555,26015,0.328558,-0.0498028,0.15
556,26014,0.333933,-0.0500063,0.15
557,12860,0.323184,-0.0495994,0.1
558,26018,0.323184,-0.0495994,0.15
559,12865,0.285341,-0.0481975,0.1
560,12866,0.279968,-0.0479779,0.1
561,26024,0.279968,-0.0479779,0.15
562,26023,0.285341,-0.0481975,0.15
563,12869,0.290672,-0.0484029,0.1
564,26027,0.290672,-0.0484029,0.15
565,12874,0.37155,-0.051597,0.1
566,12875,0.366179,-0.0513495,0.1
567,26033,0.366179,-0.0513495,0.15
568,26032,0.37155,-0.051597,0.15
569,12878,0.376921,-0.0518455,0.1
570,26036,0.376921,-0.0518455,0.15
571,12883,0.419827,-0.0538675,0.1
572,12884,0.41451,-0.0536137,0.1
573,26042,0.41451,-0.0536137,0.15
574,26041,0.419827,-0.0538675,0.15
575,12887,0.40914,-0.0533575,0.1
576,26045,0.40914,-0.0533575,0.15
577,12892,0.828942,-0.0757214,0.1
578,12893,0.823587,-0.0753457,0.1
579,26051,0.823587,-0.0753457,0.15
580,26050,0.828942,-0.0757214,0.15
581,12896,0.839603,-0.0764658,0.1
582,26054,0.839603,-0.0764658,0.15
583,12899,0.818231,-0.0749693,0.1
584,26057,0.818231,-0.0749693,0.15
585,12902,0.807521,-0.0742103,0.1
586,26060,0.807521,-0.0742103,0.15
587,12907,0.931525,-0.0626644,0.1
588,12908,0.935899,-0.064188,0.1
589,26066,0.935899,-0.064188,0.15
590,26065,0.931525,-0.0626644,0.15
591,12913,0.0644172,0.0463388,0.1
592,12914,0.0719241,0.0486166,0.1
593,26072,0.0719241,0.0486166,0.15
594,26071,0.0644172,0.0463388,0.15
595,12917,0.0763542,0.0498615,0.1
596,26075,0.0763542,0.0498615,0.15
597,12920,0.494676,0.0498381,0.1
598,26078,0.494676,0.0498381,0.15
599,12925,0.602978,0.0290809,0.1
600,12926,0.608045,0.0279912,0.1
601,26084,0.608045,0.0279912,0.15
602,26083,0.602978,0.0290809,0.15
603,12929,0.634906,0.0220414,0.1
604,26087,0.634906,0.0220414,0.15
605,12932,0.612971,0.0269002,0.1
606,26090,0.612971,0.0269002,0.15
607,12935,0.683121,0.0106597,0.1
608,26093,0.683121,0.0106597,0.15
609,12938,0.704909,0.00519345,0.1
610,26096,0.704909,0.00519345,0.15
611,12941,0.168401,-0.0430676,0.1
612,26099,0.168401,-0.0430676,0.15
613,12944,0.188653,-0.0441511,0.1
614,26102,0.188653,-0.0441511,0.15
615,12947,0.210125,-0.0451727,0.1
616,26105,0.210125,-0.0451727,0.15
617,12950,0.726504,-0.00042116,0.1
618,26108,0.726504,-0.00042116,0.15
619,12953,0.854118,-0.0371909,0.1
620,26111,0.854118,-0.0371909,0.15
621,12956,0.511609,0.0469551,0.1
622,26114,0.511609,0.0469551,0.15
623,12959,0.531468,0.0434035,0.1
624,26117,0.531468,0.0434035,0.15
625,12962,0.253103,-0.0469497,0.1
626,26120,0.253103,-0.0469497,0.15
627,12965,0.231608,-0.0460759,0.1
628,26123,0.231608,-0.0460759,0.15
629,12968,0.339307,-0.0502105,0.1
630,26126,0.339307,-0.0502105,0.15
631,12971,0.31781,-0.0493961,0.1
632,26129,0.31781,-0.0493961,0.15
633,12974,0.274599,-0.0477589,0.1
634,26132,0.274599,-0.0477589,0.15
635,12977,0.295611,-0.0485788,0.1
636,26135,0.295611,-0.0485788,0.15
637,12980,0.360808,-0.051107,0.1
638,26138,0.360808,-0.051107,0.15
639,12983,0.382291,-0.0520939,0.1
640,26141,0.382291,-0.0520939,0.15
641,12988,0.432104,-0.0544578,0.1
642,12989,0.424765,-0.0541034,0.1
643,26147,0.424765,-0.0541034,0.15
644,26146,0.432104,-0.0544578,0.15
645,12992,0.436587,-0.0546743,0.1
646,26150,0.436587,-0.0546743,0.15
647,12995,0.403771,-0.0531016,0.1
648,26153,0.403771,-0.0531016,0.15
649,13000,0.522184,-0.0586164,0.1
650,13001,0.516814,-0.0583614,0.1
651,26159,0.516814,-0.0583614,0.15
652,26158,0.522184,-0.0586164,0.15
653,13004,0.511445,-0.0581157,0.1
654,26162,0.511445,-0.0581157,0.15
655,13009,0.484592,-0.0568965,0.1
656,13010,0.479222,-0.056643,0.1
657,26168,0.479222,-0.056643,0.15
658,26167,0.484592,-0.0568965,0.15
659,13013,0.489962,-0.05715,0.1
660,26171,0.489962,-0.05715,0.15
661,13016,0.44167,-0.0549198,0.1
662,26174,0.44167,-0.0549198,0.15
663,13019,0.446993,-0.0551712,0.1
664,26177,0.446993,-0.0551712,0.15
665,13022,0.473852,-0.0563895,0.1
666,26180,0.473852,-0.0563895,0.15
667,13025,0.468482,-0.0561361,0.1
668,26183,0.468482,-0.0561361,0.15
669,13028,0.527554,-0.0588714,0.1
670,26186,0.527554,-0.0588714,0.15
671,13031,0.532924,-0.0591264,0.1
672,26189,0.532924,-0.0591264,0.15
673,13034,0.984285,-0.0815174,0.1
674,26192,0.984285,-0.0815174,0.15
675,13037,0.0600204,0.0448766,0.1
676,26195,0.0600204,0.0448766,0.15
677,13040,0.0811339,0.0511616,0.1
678,26198,0.0811339,0.0511616,0.15
679,13043,0.0978524,0.0553421,0.1
680,26201,0.0978524,0.0553421,0.15
681,13046,0.10275,0.0564208,0.1
682,26204,0.10275,0.0564208,0.15
683,13051,0.431407,0.0595508,0.1
684,13052,0.436309,0.0588454,0.1
685,26210,0.436309,0.0588454,0.15
686,26209,0.431407,0.0595508,0.15
687,13055,0.489667,0.0506563,0.1
688,26213,0.489667,0.0506563,0.15
689,13058,0.441533,0.058087,0.1
690,26216,0.441533,0.058087,0.15
691,13061,0.446804,0.0573218,0.1
692,26219,0.446804,0.0573218,0.15
693,13064,0.00191614,0.00977141,0.1
694,26222,0.00191614,0.00977141,0.15
695,13067,0.67828,0.0118314,0.1
696,26225,0.67828,0.0118314,0.15
697,13070,0.790706,-0.0180843,0.1
698,26228,0.790706,-0.0180843,0.15
699,13073,0.791435,-0.0731689,0.1
700,26231,0.791435,-0.0731689,0.15
701,13076,0.940227,-0.0656969,0.1
702,26234,0.940227,-0.0656969,0.15
703,13079,0.253211,0.0717946,0.1
704,26237,0.253211,0.0717946,0.15
705,13082,0.27458,0.0718427,0.1
706,26240,0.27458,0.0718427,0.15
707,13085,0.0392675,-0.0269375,0.1
708,26243,0.0392675,-0.0269375,0.15
709,13090,0.844998,-0.0343691,0.1
710,13091,0.849718,-0.0358151,0.1
711,26249,0.849718,-0.0358151,0.15
712,26248,0.844998,-0.0343691,0.15
713,13094,0.840402,-0.0329609,0.1
714,26252,0.840402,-0.0329609,0.15
715,13099,0.506073,-0.0578746,0.1
716,13100,0.500702,-0.0576336,0.1
717,26258,0.500702,-0.0576336,0.15
718,26257,0.506073,-0.0578746,0.15
719,13103,0.495331,-0.0573925,0.1
720,26261,0.495331,-0.0573925,0.15
721,13108,0.457736,-0.0556523,0.1
722,13109,0.452364,-0.0554117,0.1
723,26267,0.452364,-0.0554117,0.15
724,26266,0.457736,-0.0556523,0.15
725,13112,0.463107,-0.0558928,0.1
726,26270,0.463107,-0.0558928,0.15
727,13117,0.543609,-0.0596357,0.1
728,13118,0.538293,-0.0593815,0.1
729,26276,0.538293,-0.0593815,0.15
730,26275,0.543609,-0.0596357,0.15
731,13121,0.548548,-0.0598732,0.1
732,26279,0.548548,-0.0598732,0.15
733,13124,0.834299,-0.0760967,0.1
734,26282,0.834299,-0.0760967,0.15
735,13127,0.812876,-0.0745898,0.1
736,26285,0.812876,-0.0745898,0.15
737,13130,0.979928,-0.0799125,0.1
738,26288,0.979928,-0.0799125,0.15
739,13135,0.107878,0.0574887,0.1
740,13136,0.113003,0.0585293,0.1
741,26294,0.113003,0.0585293,0.15
742,26293,0.107878,0.0574887,0.15
743,13139,0.117831,0.0594793,0.1
744,26297,0.117831,0.0594793,0.15
745,13144,0.452075,0.0565566,0.1
746,13145,0.457293,0.0557653,0.1
747,26303,0.457293,0.0557653,0.15
748,26302,0.452075,0.0565566,0.15
749,13148,0.462313,0.0549937,0.1
750,26306,0.462313,0.0549937,0.15
751,13151,0.598181,0.0301027,0.1
752,26309,0.598181,0.0301027,0.15
753,13154,0.639803,0.0209262,0.1
754,26312,0.639803,0.0209262,0.15
755,13157,0.617473,0.0259029,0.1
756,26315,0.617473,0.0259029,0.15
