nodeId,x,y,z,phi_x,phi_y,phi_z
1,1.00236,-0.0881502,0.1,0,0,0
2,1.004,-0.0890014,0.1,0,0,0
3,1.004,-0.0890014,0.15,0.00142596716716,0.0216184510221,0.00172563625146
4,1.00236,-0.0881502,0.15,0.00386392527314,0.0262156171417,0.00129205384268
5,0.952897,-0.084872,0.1,1.35487469827e-25,0,0
6,0.94756,-0.0844413,0.1,0,0,0
7,0.94756,-0.0844413,0.15,0.000308065263182,0.00358878930251,2.96125803611e-05
8,0.952897,-0.084872,0.15,0.000976174034251,0.0121587064623,4.35169575774e-05
9,0.958249,-0.0852761,0.1,-5.41949961205e-25,0,0
10,0.958249,-0.0852761,0.15,0.00155176284501,0.0200888167901,4.97155080321e-05
11,0.140065,-0.0412148,0.1,0,0,0
12,0.134709,-0.0407917,0.1,0,0,0
13,0.134709,-0.0407917,0.15,0.00226972741395,0.0346024843181,0.000227919472581
14,0.140065,-0.0412148,0.15,0.00263083247284,0.0404139314601,0.0002573356226
15,0.0440394,0.0389468,0.1,0,0,0
16,0.0482783,0.0406844,0.1,0,0,0
17,0.0482783,0.0406844,0.15,-9.30174855608e-06,1.28988192996e-05,-1.08145529214e-06
18,0.0440394,0.0389468,0.15,-1.61698083052e-05,2.90874475725e-05,-1.58270686848e-06
19,0.559146,0.0381017,0.1,1.73423954827e-23,0,0
20,0.563662,0.0372154,0.1,8.67119774134e-24,0,0
21,0.563662,0.0372154,0.15,0.068534763216,0.330296493335,-0.00100105521085
22,0.559146,0.0381017,0.15,0.0643879987252,0.312433821565,-0.000903331423017
23,0.129366,-0.0403371,0.1,-2.16779984482e-24,0,0
24,0.129366,-0.0403371,0.15,0.0018957505782,0.0291358487948,0.000185077920894
25,0.735779,-0.0028717,0.1,-1.73423954827e-23,0,0
26,0.743356,-0.00488488,0.1,1.3873919662e-22,0,0
27,0.743356,-0.00488488,0.15,0.256125428246,0.947416664997,-0.00345503977235
28,0.735779,-0.0028717,0.15,0.251038386066,0.938015689841,-0.00276666956165
29,0.903463,-0.0531327,0.1,0,0,0
30,0.907856,-0.0545707,0.1,0,0,0
31,0.907856,-0.0545707,0.15,0.177282539586,0.541044997571,-0.0023468827297
32,0.903463,-0.0531327,0.15,0.184242651744,0.565151590823,-0.00173461381829
33,0.995066,-0.0882592,0.1,3.46847991551e-23,0,0
34,0.990347,-0.0878927,0.1,0,0,0
35,0.990347,-0.0878927,0.15,0.00300990085512,0.0398743192533,0.000667797398061
36,0.995066,-0.0882592,0.15,0.002664093367,0.0357888711673,0.000902243009742
37,0.055694,0.0434126,0.1,-4.23398414869e-27,0,0
38,0.055694,0.0434126,0.15,7.59005365841e-07,-1.3610595719e-05,-2.68210091485e-07
39,0.00654038,0.0161572,0.1,0,0,0
40,0.0121963,0.0214907,0.1,5.41949961205e-25,0,0
41,0.0121963,0.0214907,0.15,-4.44911161225e-05,8.95860763954e-05,-1.99738413653e-06
42,0.00654038,0.0161572,0.15,-1.83315575877e-05,6.24742995651e-05,3.63608737014e-06
43,0.694562,-0.0672861,0.1,1.08389992241e-24,0,0
44,0.68919,-0.0669854,0.1,-1.08389992241e-24,0,0
45,0.68919,-0.0669854,0.15,0.00498006647005,0.0918070455154,-8.44584951203e-05
46,0.694562,-0.0672861,0.15,0.00455364924392,0.0837138042317,-9.64038512875e-05
47,0.678496,-0.0663887,0.1,-1.08389992241e-24,0,0
48,0.673414,-0.0661052,0.1,0,0,0
49,0.673414,-0.0661052,0.15,0.00598913204226,0.11149643347,-0.000107528106514
50,0.678496,-0.0663887,0.15,0.00570726494394,0.105888525343,-8.87127250663e-05
51,0.699925,-0.0676033,0.1,0,0,0
52,0.699925,-0.0676033,0.15,0.00406374451929,0.075034973675,-6.37317895298e-05
53,0.716014,-0.0685542,0.1,6.77437431032e-26,0,0
54,0.710651,-0.0682377,0.1,0,0,0
55,0.710651,-0.0682377,0.15,0.00297952765487,0.0561348778031,-2.24440890651e-05
56,0.716014,-0.0685542,0.15,0.0023950816661,0.0460503152298,-9.50506644897e-06
57,0.763795,-0.0713974,0.1,3.38718715516e-26,0,0
58,0.758859,-0.0710778,0.1,5.41949961205e-25,0,0
59,0.758859,-0.0710778,0.15,-0.00267944335196,-0.0394561195884,4.21420598421e-05
60,0.763795,-0.0713974,0.15,-0.00329428711013,-0.048697812956,3.07226062969e-05
61,0.79514,-0.0193544,0.1,1.3873919662e-22,0,0
62,0.802701,-0.0215789,0.1,-6.93695901204e-23,0,0
63,0.802701,-0.0215789,0.15,0.272119534382,0.932874186048,-0.0031387856939
64,0.79514,-0.0193544,0.15,0.272474476679,0.943072839557,-0.00389654163664
65,0.937145,-0.0836625,0.1,0,0,0
66,0.932668,-0.0833009,0.1,-2.70974939654e-25,0,0
67,0.932668,-0.0833009,0.15,-0.00160613846532,-0.0222912853413,2.62255676469e-05
68,0.937145,-0.0836625,0.15,-0.000985932900003,-0.0143507986431,1.10811691304e-05
69,1.00277,-0.0889025,0.1,3.46847991551e-23,0,0
70,1.00277,-0.0889025,0.15,0.00164596096005,0.0242368506869,0.00158397709345
71,0.974296,-0.086578,0.1,-4.33559968964e-24,0,0
72,0.968946,-0.0861687,0.1,0,0,0
73,0.968946,-0.0861687,0.15,0.00258753835744,0.0330957567222,0.0001613937532
74,0.974296,-0.086578,0.15,0.00291219262774,0.0376815882746,0.000195856078716
75,0.968182,-0.075624,0.1,4.33559968964e-24,0,0
76,0.972489,-0.0771835,0.1,0,0,0
77,0.972489,-0.0771835,0.15,0.0561410610388,0.169950368623,-0.000379791288517
78,0.968182,-0.075624,0.15,0.0645798346361,0.194005858046,-0.000468774110422
79,0.172628,0.0673466,0.1,0,0,0
80,0.177909,0.0678777,0.1,0,0,0
81,0.177909,0.0678777,0.15,-5.41828180126e-05,0.000503373204197,-5.16395753728e-06
82,0.172628,0.0673466,0.15,-4.93710649507e-05,0.000447920554318,-4.79769377619e-06
83,0.183244,0.0683825,0.1,-1.35487469827e-25,0,0
84,0.183244,0.0683825,0.15,-5.84966936612e-05,0.000556491293594,-5.60378132874e-06
85,0.193923,0.0692791,0.1,1.35487469827e-25,0,0
86,0.199279,0.0696493,0.1,0,0,0
87,0.199279,0.0696493,0.15,-6.6713124655e-05,0.000676028799856,-5.75574642554e-06
88,0.193923,0.0692791,0.15,-6.48759502025e-05,0.000645289355502,-6.23262131179e-06
89,0.34459,0.0688976,0.1,0,0,0
90,0.34994,0.0684888,0.1,0,0,0
91,0.34994,0.0684888,0.15,-0.00065677567808,-0.0110068720255,6.77313930112e-05
92,0.34459,0.0688976,0.15,-0.000610627037118,-0.0104924759548,6.6745465844e-05
93,0.328516,0.0699696,0.1,0,0,0
94,0.333877,0.0696371,0.1,-1.08389992241e-24,0,0
95,0.333877,0.0696371,0.15,-0.000502766755717,-0.00920976985412,6.20111383585e-05
96,0.328516,0.0699696,0.15,-0.000446436250165,-0.00848630670976,5.85191416731e-05
97,0.355291,0.06808,0.1,0,0,0
98,0.355291,0.06808,0.15,-0.000691711287292,-0.0114028284215,7.83236278983e-05
99,0.365913,0.0671155,0.1,0,0,0
100,0.370983,0.0666493,0.1,-2.16779984482e-24,0,0
101,0.370983,0.0666493,0.15,-0.000702682968107,-0.0116037221584,5.91900104604e-05
102,0.365913,0.0671155,0.15,-0.000720188568253,-0.0117268872994,5.90691466297e-05
103,0.161022,-0.0426295,0.1,-2.16779984482e-24,0,0
104,0.156087,-0.0423016,0.1,0,0,0
105,0.156087,-0.0423016,0.15,0.00358652975983,0.059113133595,0.000254214849368
106,0.161022,-0.0426295,0.15,0.00387603458743,0.0650335039616,0.000295610506671
107,0.150777,-0.0419382,0.1,0,0,0
108,0.150777,-0.0419382,0.15,0.00326056022112,0.0527824666396,0.00021845052278
109,0.824016,-0.0279376,0.1,-3.46847991551e-23,0,0
110,0.82847,-0.029303,0.1,8.67119774134e-24,0,0
111,0.82847,-0.029303,0.15,0.26573450409,0.883332955175,-0.00222816132866
112,0.824016,-0.0279376,0.15,0.267539763219,0.893813334919,-0.00278483517102
113,0.882377,-0.0461785,0.1,0,0,0
114,0.88674,-0.0475906,0.1,6.93695901204e-23,0,0
115,0.88674,-0.0475906,0.15,0.209115474838,0.651695105776,-0.00256423697708
116,0.882377,-0.0461785,0.15,0.214971777055,0.673189179579,-0.00238377248708
117,0.539045,0.0419681,0.1,1.73423954827e-23,0,0
118,0.543877,0.0410528,0.1,1.73423954827e-23,0,0
119,0.543877,0.0410528,0.15,0.0511464070463,0.25416112483,-0.000748634973984
120,0.539045,0.0419681,0.15,0.0473158065471,0.236908750707,-0.000696314153454
121,0.549029,0.0400769,0.1,0,0,0
122,0.549029,0.0400769,0.15,0.0554026516625,0.273286077549,-0.000904380525655
123,0.651887,0.0181129,0.1,8.67119774134e-24,0,0
124,0.656625,0.0170098,0.1,8.67119774134e-24,0,0
125,0.656625,0.0170098,0.15,0.172463301124,0.720872327654,-0.00219357697637
126,0.651887,0.0181129,0.15,0.167155873682,0.703442318588,-0.00194181691252
127,0.113355,-0.0389032,0.1,0,0,0
128,0.108075,-0.0383793,0.1,0,0,0
129,0.108075,-0.0383793,0.15,0.000541614100946,0.0111425920014,9.76101964749e-05
130,0.113355,-0.0389032,0.15,0.000858865359236,0.0149717511106,0.000117605306533
131,0.118683,-0.0393971,0.1,5.41949961205e-25,0,0
132,0.118683,-0.0393971,0.15,0.00118878561701,0.0192855612414,0.000133169943954
133,0.565452,-0.060686,0.1,-2.70974939654e-25,0,0
134,0.560369,-0.0604416,0.1,2.70974939654e-25,0,0
135,0.560369,-0.0604416,0.15,0.00218712511799,0.0432571715917,2.09722414701e-06
136,0.565452,-0.060686,0.15,0.00265423458671,0.052750371142,2.25692443071e-06
137,0.608372,-0.0627347,0.1,0,0,0
138,0.603002,-0.0624799,0.1,0,0,0
139,0.603002,-0.0624799,0.15,0.00549234058534,0.109375215093,-4.02794727005e-05
140,0.608372,-0.0627347,0.15,0.0057790912114,0.11478575106,-6.43034317163e-05
141,0.592263,-0.0619691,0.1,0,0,0
142,0.586893,-0.0617122,0.1,-5.41949961205e-25,0,0
143,0.586893,-0.0617122,0.15,0.00443497943808,0.0886698928509,-7.7108511525e-06
144,0.592263,-0.0619691,0.15,0.00481924992805,0.0962709321945,-1.22970061987e-05
145,0.570784,-0.0609415,0.1,0,0,0
146,0.570784,-0.0609415,0.15,0.00312821031344,0.0623791104944,8.09993064378e-07
147,0.581523,-0.0614553,0.1,0,0,0
148,0.581523,-0.0614553,0.15,0.00402312926004,0.0804442238573,-4.27550600952e-06
149,0.66892,-0.0658645,0.1,0,0,0
150,0.66892,-0.0658645,0.15,0.00618722325831,0.115725684782,-9.01234036714e-05
151,0.65663,-0.0652142,0.1,-1.35487469827e-25,0,0
152,0.651315,-0.064933,0.1,0,0,0
153,0.651315,-0.064933,0.15,0.00667903700576,0.127092191812,-3.70270743505e-05
154,0.65663,-0.0652142,0.15,0.00658083739542,0.124610871616,-4.48274513849e-05
155,0.613741,-0.0629895,0.1,5.41949961205e-25,0,0
156,0.613741,-0.0629895,0.15,0.00603125748517,0.11938321201,-9.72948924035e-05
157,0.629848,-0.0637824,0.1,0,0,0
158,0.624481,-0.0634991,0.1,-2.16779984482e-24,0,0
159,0.624481,-0.0634991,0.15,0.00642841858834,0.126037028785,-0.000212087440928
160,0.629848,-0.0637824,0.15,0.00657944022984,0.128054811047,-0.000161968425582
161,0.645948,-0.0646464,0.1,1.35487469827e-25,0,0
162,0.645948,-0.0646464,0.15,0.00673053639777,0.128698932222,-4.82543889653e-05
163,0.635215,-0.0640704,0.1,0,0,0
164,0.635215,-0.0640704,0.15,0.00668139482504,0.129178931484,-0.000110177561583
165,0.737469,-0.0698078,0.1,0,0,0
166,0.732105,-0.0694965,0.1,0,0,0
167,0.732105,-0.0694965,0.15,0.000537607609913,0.0141532217413,1.12423263645e-05
168,0.737469,-0.0698078,0.15,-9.91867987289e-05,0.0032398746361,1.83466348552e-05
169,0.721378,-0.0688683,0.1,0,0,0
170,0.721378,-0.0688683,0.15,0.00179237916211,0.035638507979,-2.56715251603e-06
171,0.752809,-0.00747,0.1,0,0,0
172,0.757268,-0.00868932,0.1,-3.46847991551e-23,0,0
173,0.757268,-0.00868932,0.15,0.264209005665,0.959458004638,-0.00305964109609
174,0.752809,-0.00747,0.15,0.261899260022,0.956616992109,-0.00285987590207
175,0.742833,-0.0701164,0.1,0,0,0
176,0.742833,-0.0701164,0.15,-0.000734042865355,-0.00767583765908,2.77226068086e-05
177,0.753551,-0.0707343,0.1,0,0,0
178,0.753551,-0.0707343,0.15,-0.00199660857041,-0.0291560855834,5.95816426862e-05
179,0.807323,-0.0229387,0.1,0,0,0
180,0.807323,-0.0229387,0.15,0.271662793912,0.925945686194,-0.00316542602153
181,0.816485,-0.0256769,0.1,-1.73423954827e-23,0,0
182,0.816485,-0.0256769,0.15,0.269838616539,0.909596555864,-0.00265272358409
183,0.979648,-0.0870197,0.1,8.67119774134e-24,0,0
184,0.979648,-0.0870197,0.15,0.00312555520747,0.0405907801904,0.000307659217056
185,0.155572,0.0653265,0.1,-6.77437431032e-26,0,0
186,0.163075,0.0662727,0.1,0,0,0
187,0.163075,0.0662727,0.15,-3.9438241438e-05,0.000346609261325,-3.84323313635e-06
188,0.155572,0.0653265,0.15,-3.08708811076e-05,0.000270055316429,-2.79941941752e-06
189,0.134936,0.0624123,0.1,0,0,0
190,0.140152,0.0632237,0.1,0,0,0
191,0.140152,0.0632237,0.15,-1.35030237975e-05,0.000127680049637,-1.74961737826e-06
192,0.134936,0.0624123,0.15,-7.76131126952e-06,8.71979551691e-05,-1.28558888076e-06
193,0.15067,0.0646969,0.1,0,0,0
194,0.15067,0.0646969,0.15,-2.53382200928e-05,0.000221798806327,-2.43587218528e-06
195,0.129926,0.0615995,0.1,0,0,0
196,0.129926,0.0615995,0.15,-2.65631395564e-06,5.28417847536e-05,-8.88943729703e-07
197,0.215385,0.0706137,0.1,1.35487469827e-25,0,0
198,0.220755,0.0708768,0.1,1.35487469827e-25,0,0
199,0.220755,0.0708768,0.15,-6.69039450411e-05,0.000638020982428,-4.43569521927e-06
200,0.215385,0.0706137,0.15,-6.78804048964e-05,0.00067816598818,-4.90556298439e-06
201,0.204643,0.0700007,0.1,0,0,0
202,0.204643,0.0700007,0.15,-6.78507253651e-05,0.000693871898204,-5.55336134133e-06
203,0.226147,0.0710904,0.1,0,0,0
204,0.226147,0.0710904,0.15,-6.57314561402e-05,0.000571578961947,-3.26518331588e-06
205,0.307002,0.0710483,0.1,0,0,0
206,0.3124,0.0708115,0.1,5.41949961205e-25,0,0
207,0.3124,0.0708115,0.15,-0.000289802032396,-0.00621258435228,4.72852425265e-05
208,0.307002,0.0710483,0.15,-0.000244401603901,-0.00546768298799,4.50801778353e-05
209,0.323139,0.0702981,0.1,-1.08389992241e-24,0,0
210,0.323139,0.0702981,0.15,-0.000387980840863,-0.00773278485026,6.1581702403e-05
211,0.301626,0.0712229,0.1,0,0,0
212,0.301626,0.0712229,0.15,-0.000208969861685,-0.00475358314609,3.56127840806e-05
213,0.375484,0.0662194,0.1,0,0,0
214,0.375484,0.0662194,0.15,-0.000663711057296,-0.0112899823228,5.79705944861e-05
215,0.387868,0.0649724,0.1,0,0,0
216,0.393162,0.0644176,0.1,4.33559968964e-24,0,0
217,0.393162,0.0644176,0.15,-0.000277622859833,-0.00824806786726,5.50644245756e-05
218,0.387868,0.0649724,0.15,-0.000443363632463,-0.00954916807038,5.34767989636e-05
219,0.414322,0.0618159,0.1,4.33559968964e-24,0,0
220,0.419363,0.0611475,0.1,4.33559968964e-24,0,0
221,0.419363,0.0611475,0.15,0.00158164302435,0.00432448133101,-2.36299353929e-05
222,0.414322,0.0618159,0.15,0.00107523929759,0.00105663308149,-9.26035773071e-06
223,0.398466,0.0637733,0.1,0,0,0
224,0.398466,0.0637733,0.15,-3.35441027322e-05,-0.0065456019607,3.46090688499e-05
225,0.409073,0.0624846,0.1,0,0,0
226,0.409073,0.0624846,0.15,0.000633803524308,-0.00189467035464,5.63571958374e-06
227,0.644298,0.0198798,0.1,0,0,0
228,0.644298,0.0198798,0.15,0.158545779413,0.674795919988,-0.00201555629767
229,0.769305,-0.012054,0.1,0,0,0
230,0.773716,-0.0132957,0.1,3.46847991551e-23,0,0
231,0.773716,-0.0132957,0.15,0.27052294922,0.962076256888,-0.00213332277781
232,0.769305,-0.012054,0.15,0.269318815256,0.963048376193,-0.0022805394772
233,0.86683,-0.078349,0.1,-2.16779984482e-24,0,0
234,0.861509,-0.0779844,0.1,5.41949961205e-25,0,0
235,0.861509,-0.0779844,0.15,-0.00881097981641,-0.124050858826,8.55194728462e-05
236,0.86683,-0.078349,0.15,-0.00858014447729,-0.120093178502,0.000146205351339
237,0.856432,-0.0776336,0.1,-3.38718715516e-26,0,0
238,0.856432,-0.0776336,0.15,-0.00897895908415,-0.126996863516,5.37171835117e-05
239,0.872186,-0.078716,0.1,-4.33559968964e-24,0,0
240,0.872186,-0.078716,0.15,-0.00829583029179,-0.115289091014,0.000227823571005
241,0.877556,-0.0791301,0.1,0,0,0
242,0.877556,-0.0791301,0.15,-0.00790862542653,-0.109698463189,0.000124120635208
243,0.942224,-0.0840255,0.1,-5.41949961205e-25,0,0
244,0.942224,-0.0840255,0.15,-0.000373133622576,-0.00545572927831,2.24691577862e-05
245,0.963606,-0.08572,0.1,0,0,0
246,0.963606,-0.08572,0.15,0.00211380340837,0.0271537245564,9.52732609744e-05
247,0.145423,-0.0415721,0.1,-1.08389992241e-24,0,0
248,0.145423,-0.0415721,0.15,0.00293543586112,0.0465056470677,0.000214114805159
249,0.870442,-0.0423492,0.1,3.46847991551e-23,0,0
250,0.877955,-0.0447469,0.1,0,0,0
251,0.877955,-0.0447469,0.15,0.220725134541,0.694491532127,-0.00246296049038
252,0.870442,-0.0423492,0.15,0.229931030659,0.72956358201,-0.00221099568363
253,0.039828,0.037197,0.1,0,0,0
254,0.039828,0.037197,0.15,-2.32635602517e-05,4.55189500672e-05,-2.21250668625e-06
255,0.554181,0.0390762,0.1,0,0,0
256,0.554181,0.0390762,0.15,0.0599021636068,0.293010108002,-0.000906102822959
257,0.0910224,-0.036454,0.1,-1.08389992241e-24,0,0
258,0.0861135,-0.0358225,0.1,0,0,0
259,0.0861135,-0.0358225,0.15,-0.000510598007982,0.000348216493118,9.83676633206e-06
260,0.0910224,-0.036454,0.15,-0.000309295276649,0.00215869943225,2.89496883573e-05
261,0.0808727,-0.0351114,0.1,-2.16779984482e-24,0,0
262,0.0808727,-0.0351114,0.15,-0.000687881939819,-0.00116130666245,-9.59553005345e-06
263,0.0985197,-0.0373488,0.1,-5.41949961205e-25,0,0
264,0.0985197,-0.0373488,0.15,3.20540903469e-05,0.00551709236443,5.98971351211e-05
265,0.103028,-0.0378478,0.1,2.70974939654e-25,0,0
266,0.103028,-0.0378478,0.15,0.000257793100144,0.00793895112642,7.73790506079e-05
267,0.124024,-0.039861,0.1,-5.41949961205e-25,0,0
268,0.124024,-0.039861,0.15,0.00152366474791,0.0240226896099,0.000142991788623
269,0.74802,-0.00616036,0.1,-3.46847991551e-23,0,0
270,0.74802,-0.00616036,0.15,0.259108778042,0.952424676417,-0.00298436040636
271,0.909663,-0.0814915,0.1,-1.08389992241e-24,0,0
272,0.904314,-0.081094,0.1,0,0,0
273,0.904314,-0.081094,0.15,-0.00530843805251,-0.0719515455483,8.07680779923e-05
274,0.909663,-0.0814915,0.15,-0.00467151154374,-0.0629308516707,8.41432729461e-05
275,0.898959,-0.0807167,0.1,5.41949961205e-25,0,0
276,0.898959,-0.0807167,0.15,-0.00588598830028,-0.0806063884266,2.79148685847e-05
277,0.898792,-0.0516034,0.1,0,0,0
278,0.898792,-0.0516034,0.15,0.191521835244,0.590435701461,-0.00128741764437
279,0.915013,-0.0819046,0.1,0,0,0
280,0.915013,-0.0819046,0.15,-0.00398567850711,-0.0536308802831,5.96337292809e-05
281,0.920317,-0.0823041,0.1,-5.41949961205e-25,0,0
282,0.920317,-0.0823041,0.15,-0.00330908838411,-0.0442396590782,6.59128010247e-05
283,0.915316,-0.0571262,0.1,-8.67119774134e-24,0,0
284,0.919709,-0.0586277,0.1,0,0,0
285,0.919709,-0.0586277,0.15,0.157169415718,0.475548234127,-0.00117970404078
286,0.915316,-0.0571262,0.15,0.164749079903,0.500076433965,-0.00142757808433
287,0.985031,-0.0874714,0.1,0,0,0
288,0.985031,-0.0874714,0.15,0.0031687330289,0.0414654418741,0.000476455081395
289,0.466839,0.054298,0.1,8.67119774134e-24,0,0
290,0.474385,0.0531381,0.1,8.67119774134e-24,0,0
291,0.474385,0.0531381,0.15,0.0129232164639,0.0699445163831,-0.000284346289195
292,0.466839,0.054298,0.15,0.0106860644649,0.0576348816421,-0.000191910601069
293,0.571243,0.0357275,0.1,0,0,0
294,0.571243,0.0357275,0.15,0.0756406850807,0.360627598442,-0.00141361953214
295,0.576065,0.0347811,0.1,3.46847991551e-23,0,0
296,0.576065,0.0347811,0.15,0.0803593374495,0.380634092205,-0.00188539058729
297,0.0159357,-0.0181008,0.1,0,0,0
298,0.012178,-0.0159818,0.1,-1.08389992241e-24,0,0
299,0.012178,-0.0159818,0.15,6.15794911797e-05,-0.000119344065167,-1.32454490352e-05
300,0.0159357,-0.0181008,0.15,-2.19237226913e-05,-0.000272119042999,-2.53464917061e-05
301,0.683825,-0.066686,0.1,0,0,0
302,0.683825,-0.066686,0.15,0.0053659503341,0.0992297128415,-8.10502464722e-05
303,0.705288,-0.0679205,0.1,0,0,0
304,0.705288,-0.0679205,0.15,0.00353763797345,0.0658199132642,-4.02196058755e-05
305,0.764809,-0.0107888,0.1,8.67119774134e-24,0,0
306,0.764809,-0.0107888,0.15,0.267637138944,0.962480009893,-0.00265761939639
307,0.771177,-0.0718751,0.1,0,0,0
308,0.771177,-0.0718751,0.15,-0.00418204988276,-0.0619934895203,2.08445801749e-05
309,0.851932,-0.0773221,0.1,5.41949961205e-25,0,0
310,0.851932,-0.0773221,0.15,-0.00907511454135,-0.128815799471,3.43417728945e-05
311,0.844538,-0.0768092,0.1,0,0,0
312,0.844538,-0.0768092,0.15,-0.00915019785892,-0.130567252164,1.50874636099e-05
313,0.888251,-0.0799488,0.1,0,0,0
314,0.882905,-0.0795508,0.1,0,0,0
315,0.882905,-0.0795508,0.15,-0.00744924049807,-0.103398933534,1.80529843933e-06
316,0.888251,-0.0799488,0.15,-0.00695984599276,-0.0964146617128,-2.48569841827e-05
317,0.956402,-0.0713406,0.1,0,0,0
318,0.963844,-0.0740114,0.1,3.46847991551e-23,0,0
319,0.963844,-0.0740114,0.15,0.0734582649546,0.21879211584,-0.000936764301214
320,0.956402,-0.0713406,0.15,0.0882324801119,0.261898604845,-0.00112989664414
321,0.167598,0.0668111,0.1,-2.70974939654e-25,0,0
322,0.167598,0.0668111,0.15,-4.44152875408e-05,0.000394204861334,-4.52159715186e-06
323,0.188577,0.0688433,0.1,1.35487469827e-25,0,0
324,0.188577,0.0688433,0.15,-6.20357812144e-05,0.000604550595331,-5.83106315002e-06
325,0.339238,0.0693046,0.1,1.08389992241e-24,0,0
326,0.339238,0.0693046,0.15,-0.000555340966065,-0.00988571626543,7.43190696386e-05
327,0.360611,0.0676031,0.1,2.16779984482e-24,0,0
328,0.360611,0.0676031,0.15,-0.000715675133791,-0.0116515582903,6.6966727405e-05
329,0.832853,-0.030647,0.1,0,0,0
330,0.832853,-0.030647,0.15,0.263483724404,0.871624936982,-0.00190093303058
331,0.0185381,0.0259693,0.1,0,0,0
332,0.0185381,0.0259693,0.15,-5.27531392661e-05,0.000101389668576,-3.67984666141e-06
333,0.022097,0.0282351,0.1,-5.41949961205e-25,0,0
334,0.0289023,0.0320577,0.1,0,0,0
335,0.0289023,0.0320577,0.15,-4.22616378875e-05,8.42791403369e-05,-3.74395002655e-06
336,0.022097,0.0282351,0.15,-5.13262941613e-05,9.94932579069e-05,-4.06690902561e-06
337,0.0327263,0.0340139,0.1,0,0,0
338,0.0327263,0.0340139,0.15,-3.56792518168e-05,7.20363254898e-05,-3.40166739227e-06
339,0.661477,0.0158711,0.1,0,0,0
340,0.661477,0.0158711,0.15,0.177870069822,0.738281780532,-0.00245124264453
341,0.665966,0.0147919,0.1,-2.16779984482e-24,0,0
342,0.673555,0.0129674,0.1,-2.16779984482e-24,0,0
343,0.673555,0.0129674,0.15,0.191084094916,0.779098261109,-0.00225463294813
344,0.665966,0.0147919,0.15,0.18285965438,0.75384101274,-0.002183605178
345,0.0756001,-0.0343525,0.1,0,0,0
346,0.0704187,-0.0335129,0.1,0,0,0
347,0.0704187,-0.0335129,0.15,-0.000928462385964,-0.00300112721222,-4.1367582956e-05
348,0.0756001,-0.0343525,0.15,-0.000826782146259,-0.00227651505069,-2.82469615742e-05
349,0.0609081,-0.0318034,0.1,-4.33559968964e-24,0,0
350,0.0533366,-0.0302848,0.1,0,0,0
351,0.0533366,-0.0302848,0.15,-0.00095141160853,-0.00326989895444,-6.95973706954e-05
352,0.0609081,-0.0318034,0.15,-0.000993673000726,-0.00345925665719,-5.93636406323e-05
353,0.0654274,-0.0326129,0.1,-4.33559968964e-24,0,0
354,0.0654274,-0.0326129,0.15,-0.000985174532288,-0.00337645944599,-4.77605572718e-05
355,0.555887,-0.060226,0.1,0,0,0
356,0.555887,-0.060226,0.15,0.0017671433708,0.0347014897965,1.98539357313e-06
357,0.597632,-0.0622251,0.1,2.70974939654e-25,0,0
358,0.597632,-0.0622251,0.15,0.00517236919473,0.103188703521,-2.20484520681e-05
359,0.576154,-0.0611984,0.1,0,0,0
360,0.576154,-0.0611984,0.15,0.00358650682863,0.0716587140581,-1.65955097502e-06
361,0.661568,-0.0654755,0.1,-1.35487469827e-25,0,0
362,0.661568,-0.0654755,0.15,0.00644624350552,0.121489770795,-5.74545031441e-05
363,0.619111,-0.0632443,0.1,0,0,0
364,0.619111,-0.0632443,0.15,0.00624782715774,0.123140817569,-0.000144393949923
365,0.640581,-0.0643584,0.1,-2.70974939654e-25,0,0
366,0.640581,-0.0643584,0.15,0.00673172226866,0.129395467579,-7.3800717935e-05
367,0.726741,-0.0691824,0.1,0,0,0
368,0.726741,-0.0691824,0.15,0.00117164617907,0.0249807717422,4.09094502351e-06
369,0.748197,-0.0704251,0.1,5.41949961205e-25,0,0
370,0.748197,-0.0704251,0.15,-0.00136785048452,-0.0185095201195,4.10352033264e-05
371,0.812056,-0.0243488,0.1,-3.46847991551e-23,0,0
372,0.812056,-0.0243488,0.15,0.270881249301,0.917957437071,-0.00290236578734
373,0.893605,-0.0803353,0.1,1.08389992241e-24,0,0
374,0.893605,-0.0803353,0.15,-0.00643872043227,-0.0887889713236,-7.26539775017e-06
375,0.894252,-0.0500939,0.1,0,0,0
376,0.894252,-0.0500939,0.15,0.198370976749,0.61405942905,-0.00155584050468
377,0.925251,-0.0826712,0.1,0,0,0
378,0.925251,-0.0826712,0.15,-0.00268430476746,-0.0354588337966,8.76432300356e-05
379,0.924052,-0.0600967,0.1,0,0,0
380,0.924052,-0.0600967,0.15,0.149579596286,0.450887688475,-0.00135472646441
381,0.145414,0.0640194,0.1,-6.77437431032e-26,0,0
382,0.145414,0.0640194,0.15,-1.97086501669e-05,0.000172875817125,-2.34502694003e-06
383,0.125409,0.0608462,0.1,0,0,0
384,0.125409,0.0608462,0.15,1.3892125401e-06,2.63848821949e-05,-5.84945889041e-07
385,0.210005,0.0703291,0.1,0,0,0
386,0.210005,0.0703291,0.15,-6.82122767635e-05,0.000695683791003,-5.48301086071e-06
387,0.231468,0.07129,0.1,0,0,0
388,0.231468,0.07129,0.15,-6.41317261278e-05,0.000476893149311,-2.29852163693e-06
389,0.236422,0.0714437,0.1,0,0,0
390,0.236422,0.0714437,0.15,-6.277853933e-05,0.000358196645,-1.05168894986e-06
391,0.31777,0.0705548,0.1,5.41949961205e-25,0,0
392,0.31777,0.0705548,0.15,-0.000338762530497,-0.00697060400389,5.08158782926e-05
393,0.296303,0.0713958,0.1,1.35487469827e-25,0,0
394,0.296303,0.0713958,0.15,-0.000175646643787,-0.00408141956467,3.12690651063e-05
395,0.291346,0.0715309,0.1,0,0,0
396,0.291346,0.0715309,0.15,-0.000149551014176,-0.00349506619101,2.68246453825e-05
397,0.382947,0.0654679,0.1,0,0,0
398,0.382947,0.0654679,0.15,-0.000551863039312,-0.0104114960416,5.06423218282e-05
399,0.423889,0.0605475,0.1,-4.33559968964e-24,0,0
400,0.423889,0.0605475,0.15,0.00209751242502,0.00764944220397,-3.91924844361e-05
401,0.40377,0.063129,0.1,0,0,0
402,0.40377,0.063129,0.15,0.000269635429682,-0.00443197708814,1.89337719847e-05
403,0.586087,0.032679,0.1,-4.33559968964e-24,0,0
404,0.590594,0.0317189,0.1,-1.73423954827e-23,0,0
405,0.590594,0.0317189,0.15,0.096561912809,0.445391569974,-0.00127074092539
406,0.586087,0.032679,0.15,0.0914070597791,0.42495953856,-0.00144575761622
407,0.581147,0.0337312,0.1,0,0,0
408,0.581147,0.0337312,0.15,0.0858064404998,0.40274984736,-0.00180993955146
409,0.687602,0.00953855,0.1,-3.46847991551e-23,0,0
410,0.695189,0.00764023,0.1,0,0,0
411,0.695189,0.00764023,0.15,0.214163861558,0.846176213049,-0.00253397843286
412,0.687602,0.00953855,0.15,0.206159642489,0.823564406787,-0.00265546304413
413,0.699921,0.00645595,0.1,3.46847991551e-23,0,0
414,0.699921,0.00645595,0.15,0.219062785959,0.859802262763,-0.00283810845554
415,0.0058575,-0.0111125,0.1,0,0,0
416,0.00116659,-0.00441106,0.1,0,0,0
417,0.00116659,-0.00441106,0.15,0.000175045436725,1.57978723467e-05,2.55032510628e-05
418,0.0058575,-0.0111125,0.15,0.000151626779629,1.4917355016e-07,9.90387286611e-06
419,-2.85039e-05,0.000312318,0.1,0,5.41949961205e-25,0
420,-2.85039e-05,0.000312318,0.15,0.000142899818111,6.21135998972e-06,2.63145816716e-05
421,0.000354379,0.00536318,0.1,0,2.16779984482e-24,0
422,0.000354379,0.00536318,0.15,8.47085271541e-05,8.9857319794e-06,2.08203222357e-05
423,0.177961,-0.0435803,0.1,-1.08389992241e-24,0,0
424,0.172879,-0.0433124,0.1,0,0,0
425,0.172879,-0.0433124,0.15,0.00444108241455,0.0792705883961,0.000252615643498
426,0.177961,-0.0435803,0.15,0.00465182674203,0.0853031005458,0.000213725138465
427,0.183294,-0.0438674,0.1,0,0,0
428,0.183294,-0.0438674,0.15,0.00487093768352,0.0914419479699,0.000223127423976
429,0.220862,-0.0456461,0.1,0,0,0
430,0.215495,-0.045425,0.1,0,0,0
431,0.215495,-0.045425,0.15,0.00563527242524,0.120298904171,0.000262544282065
432,0.220862,-0.0456461,0.15,0.0056561733998,0.123151873686,0.000201608453436
433,0.731311,-0.00169124,0.1,-4.33559968964e-24,0,0
434,0.731311,-0.00169124,0.15,0.247820155212,0.931481934304,-0.00251285551699
435,0.861637,-0.0395603,0.1,-8.67119774134e-24,0,0
436,0.866071,-0.0409629,0.1,-8.67119774134e-24,0,0
437,0.866071,-0.0409629,0.15,0.235022986669,0.74933069037,-0.0021239611133
438,0.861637,-0.0395603,0.15,0.239851561408,0.768438198993,-0.00214834517413
439,0.51679,0.0460588,0.1,0,0,0
440,0.521985,0.0451597,0.1,8.67119774134e-24,0,0
441,0.521985,0.0451597,0.15,0.0348977563438,0.18029275165,-0.000917726487076
442,0.51679,0.0460588,0.15,0.0317552066564,0.164984206653,-0.000692136988737
443,0.52695,0.0442594,0.1,8.67119774134e-24,0,0
444,0.52695,0.0442594,0.15,0.0382317078872,0.195899402315,-0.000948486241925
445,0.263851,-0.0473509,0.1,0,0,0
446,0.258477,-0.0471495,0.1,0,0,0
447,0.258477,-0.0471495,0.15,0.00509471758218,0.121556435085,5.79978089128e-05
448,0.263851,-0.0473509,0.15,0.00491199600641,0.118054184875,2.09223988577e-05
449,0.226235,-0.0458643,0.1,-2.70974939654e-25,0,0
450,0.226235,-0.0458643,0.15,0.00565453873246,0.125310600963,0.000153475362356
451,0.350066,-0.050622,0.1,-2.70974939654e-25,0,0
452,0.344681,-0.0504148,0.1,8.46796993533e-27,0,0
453,0.344681,-0.0504148,0.15,-0.00032107634711,-0.00847653637841,3.00307308877e-05
454,0.350066,-0.050622,0.15,-0.000758673846131,-0.0193418573502,4.40178406165e-05
455,0.312472,-0.0491965,0.1,0,0,0
456,0.307389,-0.0490067,0.1,0,0,0
457,0.307389,-0.0490067,0.15,0.00254335320093,0.0633936279607,2.84188145777e-06
458,0.312472,-0.0491965,0.15,0.00218668451127,0.0544799081553,1.03006400439e-06
459,0.269225,-0.0475549,0.1,0,0,0
460,0.269225,-0.0475549,0.15,0.00470240315302,0.113745657111,-4.58328455074e-07
461,0.302916,-0.0488397,0.1,-5.41949961205e-25,0,0
462,0.302916,-0.0488397,0.15,0.00284119270264,0.0707675746655,4.79080622492e-06
463,0.355437,-0.0508645,0.1,1.35487469827e-25,0,0
464,0.355437,-0.0508645,0.15,-0.0012618518075,-0.0300680022859,3.58502367103e-05
465,0.393031,-0.0525967,0.1,0,0,0
466,0.387661,-0.0523442,0.1,-2.70974939654e-25,0,0
467,0.387661,-0.0523442,0.15,-0.00399122130699,-0.0875751734945,2.87747478308e-05
468,0.393031,-0.0525967,0.15,-0.00436659530831,-0.0953205975337,2.46607422046e-05
469,0.398401,-0.0528492,0.1,-1.35487469827e-25,0,0
470,0.398401,-0.0528492,0.15,-0.00470762819192,-0.102365227563,2.40551782138e-05
471,0.988652,-0.0831228,0.1,0,0,0
472,0.995711,-0.0857107,0.1,-6.93695901204e-23,0,0
473,0.995711,-0.0857107,0.15,0.0135509991546,0.0523498530742,0.000733612741464
474,0.988652,-0.0831228,0.15,0.0255009988908,0.0850137578746,0.000341605590455
475,0.0858115,0.0523957,0.1,0,0,0
476,0.0933885,0.0543018,0.1,6.77437431032e-26,0,0
477,0.0933885,0.0543018,0.15,1.92429747175e-05,-7.12257237657e-05,9.49449352543e-07
478,0.0858115,0.0523957,0.15,1.93872938953e-05,-7.2141137477e-05,9.25508355352e-07
479,0.479259,0.0523563,0.1,8.67119774134e-24,0,0
480,0.484455,0.0515076,0.1,0,0,0
481,0.484455,0.0515076,0.15,0.0164412728261,0.088374653584,-0.000291702456026
482,0.479259,0.0523563,0.15,0.0145441742206,0.0785064223626,-0.000292851145612
483,0.0273342,-0.0231225,0.1,0,0,0
484,0.0230848,-0.0214348,0.1,4.33559968964e-24,0,0
485,0.0230848,-0.0214348,0.15,-0.000221070740562,-0.000714692613546,-4.79319680306e-05
486,0.0273342,-0.0231225,0.15,-0.000349392454458,-0.00105060135556,-5.91637460408e-05
487,0.709765,0.00393449,0.1,4.33559968964e-24,0,0
488,0.714238,0.00277504,0.1,0,0,0
489,0.714238,0.00277504,0.15,0.233323948159,0.897391421901,-0.00233892314459
490,0.709765,0.00393449,0.15,0.229072011333,0.886526125498,-0.00251867349134
491,0.781287,-0.0154285,0.1,1.73423954827e-23,0,0
492,0.781287,-0.0154285,0.15,0.271881623128,0.957886398111,-0.00234371167162
493,0.780753,-0.0724882,0.1,1.35487469827e-25,0,0
494,0.775672,-0.072163,0.1,2.70974939654e-25,0,0
495,0.775672,-0.072163,0.15,-0.00470138844719,-0.0698108765952,2.52785416313e-05
496,0.780753,-0.0724882,0.15,-0.00526543385306,-0.0782567424866,3.40870727226e-05
497,0.785934,-0.0167388,0.1,1.73423954827e-23,0,0
498,0.785934,-0.0167388,0.15,0.272335579093,0.953904558123,-0.00277681170612
499,0.786076,-0.0728291,0.1,0,0,0
500,0.786076,-0.0728291,0.15,-0.00582757187403,-0.0866047740291,4.73609974008e-05
501,0.802156,-0.0738451,0.1,-4.33559968964e-24,0,0
502,0.796795,-0.073507,0.1,0,0,0
503,0.796795,-0.073507,0.15,-0.00684531035563,-0.101632903146,0.000129933777621
504,0.802156,-0.0738451,0.15,-0.00729726475464,-0.108148068026,0.00019916030159
505,0.947701,-0.0683044,0.1,0,0,0
506,0.952074,-0.0698308,0.1,1.73423954827e-23,0,0
507,0.952074,-0.0698308,0.15,0.0966782067782,0.287416040496,-0.000936235245552
508,0.947701,-0.0683044,0.15,0.105232119595,0.313340996422,-0.000848076227194
509,0.999877,-0.0872382,0.1,0,0,0
510,0.999877,-0.0872382,0.15,0.00713932198402,0.0349781957358,0.00105233266155
511,0.258532,0.0718492,0.1,0,0,0
512,0.263913,0.0718915,0.1,0,0,0
513,0.263913,0.0718915,0.15,-6.81327873787e-05,-0.000917671615978,1.04598808846e-05
514,0.258532,0.0718492,0.15,-6.46524856079e-05,-0.000568581771531,7.11284217483e-06
515,0.243684,0.0716553,0.1,0,0,0
516,0.243684,0.0716553,0.15,-6.06977453915e-05,0.000136978899033,8.17461757909e-07
517,0.248131,0.0717203,0.1,0,0,0
518,0.248131,0.0717203,0.15,-6.14815749335e-05,-3.29801916377e-05,2.40744404261e-06
519,0.269238,0.0718997,0.1,0,0,0
520,0.269238,0.0718997,0.15,-7.45161797267e-05,-0.00131424060267,1.39999593934e-05
521,0.284082,0.0716965,0.1,0,0,0
522,0.284082,0.0716965,0.15,-0.000117564276055,-0.00269401040006,2.14359677671e-05
523,0.279658,0.0717886,0.1,3.38718715516e-26,0,0
524,0.279658,0.0717886,0.15,-0.000100410506115,-0.00224009374507,2.00013178629e-05
525,0.625062,0.024222,0.1,0,0,0
526,0.629845,0.0231625,0.1,0,0,0
527,0.629845,0.0231625,0.15,0.141955461943,0.617264310667,-0.0017502422536
528,0.625062,0.024222,0.15,0.136532805195,0.597635035228,-0.00144157103332
529,0.0317103,-0.0246885,0.1,-8.67119774134e-24,0,0
530,0.0317103,-0.0246885,0.15,-0.000488733840906,-0.00145535760147,-6.95853891407e-05
531,0.0485806,-0.0292289,0.1,-8.67119774134e-24,0,0
532,0.0437177,-0.0281089,0.1,0,0,0
533,0.0437177,-0.0281089,0.15,-0.000805619018885,-0.00261205918654,-7.88779406455e-05
534,0.0485806,-0.0292289,0.15,-0.000892549661719,-0.00300201170156,-7.23833974701e-05
535,0.199382,-0.0446783,0.1,0,0,0
536,0.194021,-0.0444233,0.1,-2.16779984482e-24,0,0
537,0.194021,-0.0444233,0.15,0.00524071237592,0.10289067975,0.000257134728863
538,0.199382,-0.0446783,0.15,0.00537559372485,0.108028498171,0.000233477505336
539,0.204752,-0.044922,0.1,0,0,0
540,0.204752,-0.044922,0.15,0.00548168248876,0.112689265626,0.000191125452983
541,0.721821,0.000809194,0.1,0,0,0
542,0.721821,0.000809194,0.15,0.240078170854,0.913964950453,-0.00259764364819
543,0.499201,0.049099,0.1,0,0,0
544,0.506756,0.0477951,0.1,8.67119774134e-24,0,0
545,0.506756,0.0477951,0.15,0.0262710697097,0.138220132411,-0.000509449400293
546,0.499201,0.049099,0.15,0.0225583437949,0.120030936659,-0.000531127333223
547,0.247727,-0.0467405,0.1,0,0,0
548,0.242354,-0.0465126,0.1,-5.41949961205e-25,0,0
549,0.242354,-0.0465126,0.15,0.0055008931059,0.127133877467,7.72952124838e-05
550,0.247727,-0.0467405,0.15,0.00538945809531,0.126100089599,0.000133441514941
551,0.236982,-0.0462871,0.1,1.08389992241e-24,0,0
552,0.236982,-0.0462871,0.15,0.00557860941721,0.127338047091,4.45809409291e-05
553,0.333933,-0.0500063,0.1,-2.70974939654e-25,0,0
554,0.328558,-0.0498028,0.1,-2.70974939654e-25,0,0
555,0.328558,-0.0498028,0.15,0.000969060446812,0.0239405958953,7.27172348691e-06
556,0.333933,-0.0500063,0.15,0.000543265721,0.0132303308192,1.24149790597e-05
557,0.323184,-0.0495994,0.1,0,0,0
558,0.323184,-0.0495994,0.15,0.00138779571921,0.0344476904934,3.2920144639e-06
559,0.285341,-0.0481975,0.1,0,0,0
560,0.279968,-0.0479779,0.1,0,0,0
561,0.279968,-0.0479779,0.15,0.00419065973134,0.102820166294,2.17367678512e-05
562,0.285341,-0.0481975,0.15,0.00388425051066,0.0962828891801,7.01498653256e-05
563,0.290672,-0.0484029,0.1,-2.70974939654e-25,0,0
564,0.290672,-0.0484029,0.15,0.00357166378709,0.0891610301278,7.88091306505e-05
565,0.37155,-0.051597,0.1,-1.35487469827e-25,0,0
566,0.366179,-0.0513495,0.1,0,0,0
567,0.366179,-0.0513495,0.15,-0.00223504314713,-0.0508579161056,3.39668067411e-05
568,0.37155,-0.051597,0.15,-0.00270710248028,-0.0607593402466,2.98184288762e-05
569,0.376921,-0.0518455,0.1,1.35487469827e-25,0,0
570,0.376921,-0.0518455,0.15,-0.00315980869523,-0.0702282163399,2.74150665881e-05
571,0.419827,-0.0538675,0.1,0,0,0
572,0.41451,-0.0536137,0.1,6.77437431032e-26,0,0
573,0.41451,-0.0536137,0.15,-0.00550605098913,-0.118767754842,1.14932838362e-05
574,0.419827,-0.0538675,0.15,-0.00568596021637,-0.122471963452,5.37732666879e-06
575,0.40914,-0.0533575,0.1,2.70974939654e-25,0,0
576,0.40914,-0.0533575,0.15,-0.00528000745293,-0.114135405702,1.8670898476e-05
577,0.828942,-0.0757214,0.1,0,0,0
578,0.823587,-0.0753457,0.1,0,0,0
579,0.823587,-0.0753457,0.15,-0.00873314475422,-0.126435704166,3.59804941455e-05
580,0.828942,-0.0757214,0.15,-0.00893640531909,-0.128855192005,1.8941666871e-05
581,0.839603,-0.0764658,0.1,-2.16779984482e-24,0,0
582,0.839603,-0.0764658,0.15,-0.00914489092286,-0.13092022893,1.06562457084e-05
583,0.818231,-0.0749693,0.1,0,0,0
584,0.818231,-0.0749693,0.15,-0.00846491517121,-0.12312001569,6.14784546517e-05
585,0.807521,-0.0742103,0.1,-2.16779984482e-24,0,0
586,0.807521,-0.0742103,0.15,-0.00773498952185,-0.113937787851,0.000177831004876
587,0.931525,-0.0626644,0.1,-1.73423954827e-23,0,0
588,0.935899,-0.064188,0.1,0,0,0
589,0.935899,-0.064188,0.15,0.12790297371,0.382721487055,-0.00102504698429
590,0.931525,-0.0626644,0.15,0.13609875024,0.408122383045,-0.00124891533188
591,0.0644172,0.0463388,0.1,0,0,0
592,0.0719241,0.0486166,0.1,6.77437431032e-26,0,0
593,0.0719241,0.0486166,0.15,1.49756985537e-05,-5.65813074196e-05,7.55306480546e-07
594,0.0644172,0.0463388,0.15,9.7255090383e-06,-3.96442619372e-05,4.19295940363e-07
595,0.0763542,0.0498615,0.1,0,0,0
596,0.0763542,0.0498615,0.15,1.71914672039e-05,-6.43079442499e-05,8.23869883199e-07
597,0.494676,0.0498381,0.1,0,0,0
598,0.494676,0.0498381,0.15,0.0205588245994,0.109719265068,-0.000412245987019
599,0.602978,0.0290809,0.1,0,0,0
600,0.608045,0.0279912,0.1,-4.33559968964e-24,0,0
601,0.608045,0.0279912,0.15,0.116692235081,0.524145272626,-0.00167413440255
602,0.602978,0.0290809,0.15,0.110762553007,0.501243550412,-0.00148046563322
603,0.634906,0.0220414,0.1,-3.46847991551e-23,0,0
604,0.634906,0.0220414,0.15,0.147681711468,0.63772377763,-0.00230445017244
605,0.612971,0.0269002,0.1,0,0,0
606,0.612971,0.0269002,0.15,0.122579740116,0.546197966967,-0.00139789200127
607,0.683121,0.0106597,0.1,0,0,0
608,0.683121,0.0106597,0.15,0.201315916775,0.809717398533,-0.00309946195288
609,0.704909,0.00519345,0.1,-3.46847991551e-23,0,0
610,0.704909,0.00519345,0.15,0.224173905904,0.873674822932,-0.00302391919223
611,0.168401,-0.0430676,0.1,0,0,0
612,0.168401,-0.0430676,0.15,0.00424310503556,0.0738909030891,0.000284997371628
613,0.188653,-0.0441511,0.1,0,0,0
614,0.188653,-0.0441511,0.15,0.00507080688694,0.0973338754523,0.000246388920419
615,0.210125,-0.0451727,0.1,0,0,0
616,0.210125,-0.0451727,0.15,0.00557146962268,0.116797718624,0.000207777193324
617,0.726504,-0.00042116,0.1,6.77437431032e-26,0,0
618,0.726504,-0.00042116,0.15,0.244038062401,0.923180838025,-0.00253773833154
619,0.854118,-0.0371909,0.1,0,0,0
620,0.854118,-0.0371909,0.15,0.247404445221,0.799139397372,-0.00244006613891
621,0.511609,0.0469551,0.1,-8.67119774134e-24,0,0
622,0.511609,0.0469551,0.15,0.0288281365903,0.150696919259,-0.000560236368888
623,0.531468,0.0434035,0.1,0,0,0
624,0.531468,0.0434035,0.15,0.0415466510994,0.21087216895,-0.000786645412121
625,0.253103,-0.0469497,0.1,-2.70974939654e-25,0,0
626,0.253103,-0.0469497,0.15,0.0052525850074,0.124239467989,0.000111444674464
627,0.231608,-0.0460759,0.1,5.41949961205e-25,0,0
628,0.231608,-0.0460759,0.15,0.00562835129613,0.126720460596,9.3440238708e-05
629,0.339307,-0.0502105,0.1,0,0,0
630,0.339307,-0.0502105,0.15,0.000111913290021,0.00239921337789,1.97803101832e-05
631,0.31781,-0.0493961,0.1,5.41949961205e-25,0,0
632,0.31781,-0.0493961,0.15,0.0017967852294,0.044675605858,-2.44806503467e-08
633,0.274599,-0.0477589,0.1,-1.08389992241e-24,0,0
634,0.274599,-0.0477589,0.15,0.00446771619041,0.108654192484,-2.17122969794e-05
635,0.295611,-0.0485788,0.1,0,0,0
636,0.295611,-0.0485788,0.15,0.00328504255855,0.0820276235757,4.43275593015e-05
637,0.360808,-0.051107,0.1,1.35487469827e-25,0,0
638,0.360808,-0.051107,0.15,-0.00175513233311,-0.0406008863001,3.25621393877e-05
639,0.382291,-0.0520939,0.1,-1.35487469827e-25,0,0
640,0.382291,-0.0520939,0.15,-0.00358786959739,-0.0791893873606,2.90928937337e-05
641,0.432104,-0.0544578,0.1,0,0,0
642,0.424765,-0.0541034,0.1,3.38718715516e-26,0,0
643,0.424765,-0.0541034,0.15,-0.00581011631305,-0.125046564515,-5.62779685235e-07
644,0.432104,-0.0544578,0.15,-0.00593394645903,-0.127652777882,-2.96412689367e-05
645,0.436587,-0.0546743,0.1,-1.08389992241e-24,0,0
646,0.436587,-0.0546743,0.15,-0.00597110565807,-0.128499430736,-5.08064273602e-05
647,0.403771,-0.0531016,0.1,-2.70974939654e-25,0,0
648,0.403771,-0.0531016,0.15,-0.00501175411974,-0.108653782998,2.7313284796e-05
649,0.522184,-0.0586164,0.1,0,0,0
650,0.516814,-0.0583614,0.1,5.41949961205e-25,0,0
651,0.516814,-0.0583614,0.15,-0.00196685615064,-0.0426218216033,2.26015936859e-05
652,0.522184,-0.0586164,0.15,-0.00146701730034,-0.0321691149101,1.55122559964e-05
653,0.511445,-0.0581157,0.1,0,0,0
654,0.511445,-0.0581157,0.15,-0.00243499588565,-0.0527809924907,1.6748338043e-05
655,0.484592,-0.0568965,0.1,0,0,0
656,0.479222,-0.056643,0.1,0,0,0
657,0.479222,-0.056643,0.15,-0.00477740948726,-0.10348877472,2.62863353406e-07
658,0.484592,-0.0568965,0.15,-0.00444727138303,-0.0965922966558,-1.80940803888e-05
659,0.489962,-0.05715,0.1,0,0,0
660,0.489962,-0.05715,0.15,-0.00408260625454,-0.0889933047412,-3.89700845046e-05
661,0.44167,-0.0549198,0.1,0,0,0
662,0.44167,-0.0549198,0.15,-0.00596683062624,-0.128547586267,-8.11014731466e-05
663,0.446993,-0.0551712,0.1,0,0,0
664,0.446993,-0.0551712,0.15,-0.00591622882713,-0.127664816765,-9.39592210198e-05
665,0.473852,-0.0563895,0.1,0,0,0
666,0.473852,-0.0563895,0.15,-0.00507069632577,-0.109630979928,1.86442245705e-05
667,0.468482,-0.0561361,0.1,5.41949961205e-25,0,0
668,0.468482,-0.0561361,0.15,-0.00532485597645,-0.114972967971,3.92356933785e-05
669,0.527554,-0.0588714,0.1,0,0,0
670,0.527554,-0.0588714,0.15,-0.000956536732891,-0.0215075540759,1.06647712029e-05
671,0.532924,-0.0591264,0.1,0,0,0
672,0.532924,-0.0591264,0.15,-0.000439447392102,-0.0107229755155,7.30867384819e-06
673,0.984285,-0.0815174,0.1,-3.46847991551e-23,0,0
674,0.984285,-0.0815174,0.15,0.0334155159991,0.106765234456,0.000138422745989
675,0.0600204,0.0448766,0.1,0,0,0
676,0.0600204,0.0448766,0.15,5.61175811226e-06,-2.75693035122e-05,8.29088370324e-08
677,0.0811339,0.0511616,0.1,6.77437431032e-26,0,0
678,0.0811339,0.0511616,0.15,1.87232143827e-05,-6.97823436241e-05,8.79142277427e-07
679,0.0978524,0.0553421,0.1,0,0,0
680,0.0978524,0.0553421,0.15,1.84692185263e-05,-6.76052468135e-05,8.53089152443e-07
681,0.10275,0.0564208,0.1,0,0,0
682,0.10275,0.0564208,0.15,1.68412258035e-05,-5.97182962898e-05,6.72503864132e-07
683,0.431407,0.0595508,0.1,0,0,0
684,0.436309,0.0588454,0.1,0,0,0
685,0.436309,0.0588454,0.15,0.00382034206076,0.0183341946763,-7.91466861807e-05
686,0.431407,0.0595508,0.15,0.00305986139946,0.0138107523814,-7.57253585558e-05
687,0.489667,0.0506563,0.1,0,0,0
688,0.489667,0.0506563,0.15,0.0184765155634,0.098942745188,-0.000331185896508
689,0.441533,0.058087,0.1,-8.67119774134e-24,0,0
690,0.441533,0.058087,0.15,0.00473691543581,0.0237498164578,-8.83103643123e-05
691,0.446804,0.0573218,0.1,0,0,0
692,0.446804,0.0573218,0.15,0.00575732540281,0.0297698229109,-0.000110222441227
693,0.00191614,0.00977141,0.1,0,0,0
694,0.00191614,0.00977141,0.15,3.51864274583e-05,2.5321971696e-05,1.39509111835e-05
695,0.67828,0.0118314,0.1,-3.46847991551e-23,0,0
696,0.67828,0.0118314,0.15,0.196140098072,0.794378387792,-0.00263901481824
697,0.790706,-0.0180843,0.1,-6.93695901204e-23,0,0
698,0.790706,-0.0180843,0.15,0.272497653576,0.948618096355,-0.00355681992659
699,0.791435,-0.0731689,0.1,1.08389992241e-24,0,0
700,0.791435,-0.0731689,0.15,-0.0063554089069,-0.0944348797331,7.95582767447e-05
701,0.940227,-0.0656969,0.1,0,0,0
702,0.940227,-0.0656969,0.15,0.119645528618,0.357328125603,-0.000890492405025
703,0.253211,0.0717946,0.1,0,0,0
704,0.253211,0.0717946,0.15,-6.23701181861e-05,-0.000271809226037,4.52115490719e-06
705,0.27458,0.0718427,0.1,-1.69359398707e-26,0,0
706,0.27458,0.0718427,0.15,-8.71534031133e-05,-0.00176423929746,1.60058501881e-05
707,0.0392675,-0.0269375,0.1,-8.67119774134e-24,0,0
708,0.0392675,-0.0269375,0.15,-0.000699846050436,-0.00219425344692,-7.73989761873e-05
709,0.844998,-0.0343691,0.1,8.67119774134e-24,0,0
710,0.849718,-0.0358151,0.1,-3.46847991551e-23,0,0
711,0.849718,-0.0358151,0.15,0.251496191198,0.816313314014,-0.00260239614046
712,0.844998,-0.0343691,0.15,0.255433970513,0.833664783703,-0.00208562832793
713,0.840402,-0.0329609,0.1,0,0,0
714,0.840402,-0.0329609,0.15,0.258803137835,0.849040156783,-0.00183068082656
715,0.506073,-0.0578746,0.1,0,0,0
716,0.500702,-0.0576336,0.1,6.77437431032e-26,0,0
717,0.500702,-0.0576336,0.15,-0.00330225160907,-0.0719211207529,-1.06273933385e-05
718,0.506073,-0.0578746,0.15,-0.00287830358235,-0.0625749184176,2.94434217742e-06
719,0.495331,-0.0573925,0.1,5.41949961205e-25,0,0
720,0.495331,-0.0573925,0.15,-0.00370403662598,-0.080750486482,-2.54313207859e-05
721,0.457736,-0.0556523,0.1,0,0,0
722,0.452364,-0.0554117,0.1,0,0,0
723,0.452364,-0.0554117,0.15,-0.00582633195101,-0.125845962707,-5.13343937906e-05
724,0.457736,-0.0556523,0.15,-0.00569768051914,-0.123111170797,-1.62816388791e-05
725,0.463107,-0.0558928,0.1,0,0,0
726,0.463107,-0.0558928,0.15,-0.00553104600279,-0.119479768763,1.67170778965e-05
727,0.543609,-0.0596357,0.1,-2.70974939654e-25,0,0
728,0.538293,-0.0593815,0.1,2.70974939654e-25,0,0
729,0.538293,-0.0593815,0.15,8.03258497002e-05,9.42929519524e-05,4.89211137563e-06
730,0.543609,-0.0596357,0.15,0.000596342288536,0.0107468239689,3.16075460744e-06
731,0.548548,-0.0598732,0.1,0,0,0
732,0.548548,-0.0598732,0.15,0.00107196013525,0.0204914723739,2.52020906311e-06
733,0.834299,-0.0760967,0.1,1.08389992241e-24,0,0
734,0.834299,-0.0760967,0.15,-0.00907400073995,-0.130357267843,7.52771927195e-06
735,0.812876,-0.0745898,0.1,1.08389992241e-24,0,0
736,0.812876,-0.0745898,0.15,-0.00813089432256,-0.11894063975,0.00011174482756
737,0.979928,-0.0799125,0.1,-3.46847991551e-23,0,0
738,0.979928,-0.0799125,0.15,0.0417075462626,0.129644844436,-6.39802818969e-05
739,0.107878,0.0574887,0.1,6.77437431032e-26,0,0
740,0.113003,0.0585293,0.1,0,0,0
741,0.113003,0.0585293,0.15,1.12598277879e-05,-3.07257839068e-05,1.68891602121e-07
742,0.107878,0.0574887,0.15,1.44191172552e-05,-4.73265924033e-05,4.19040912603e-07
743,0.117831,0.0594793,0.1,0,0,0
744,0.117831,0.0594793,0.15,7.62008534749e-06,-1.09531229185e-05,-8.68688104774e-08
745,0.452075,0.0565566,0.1,0,0,0
746,0.457293,0.0557653,0.1,-8.67119774134e-24,0,0
747,0.457293,0.0557653,0.15,0.00812149007152,0.043382752699,-0.000155818522041
748,0.452075,0.0565566,0.15,0.00687401039687,0.0363373610263,-0.000148073098002
749,0.462313,0.0549937,0.1,0,0,0
750,0.462313,0.0549937,0.15,0.00942860725909,0.0506599624768,-0.000165257333686
751,0.598181,0.0301027,0.1,1.73423954827e-23,0,0
752,0.598181,0.0301027,0.15,0.10523686963,0.479593626311,-0.00127794623765
753,0.639803,0.0209262,0.1,0,0,0
754,0.639803,0.0209262,0.15,0.153337038051,0.657265832591,-0.00233829499336
755,0.617473,0.0259029,0.1,-3.46847991551e-23,0,0
756,0.617473,0.0259029,0.15,0.127850641424,0.565784082601,-0.00129519951265
