patchPointI,x,y,z,phi_x,phi_y,phi_z,sourceNodeId,sourceDistance
0,1.00236,-0.0881502,0.1,0,0,0,1,0
1,1.004,-0.0890014,0.1,0,0,0,2,0
2,1.004,-0.0890014,0.15,0.000224619799217,-0.00169966089548,-0.000255139517358,3,0
3,1.00236,-0.0881502,0.15,-0.000881311635412,-0.00380834360165,-0.000191143964556,4,0
4,0.952897,-0.084872,0.1,0,0,0,5,0
5,0.94756,-0.0844413,0.1,0,0,0,6,0
6,0.94756,-0.0844413,0.15,-0.00950226874936,-0.126734054592,9.65159321448e-05,7,0
7,0.952897,-0.084872,0.15,-0.008445438739,-0.112886379039,4.13674578985e-05,8,0
8,0.958249,-0.0852761,0.1,0,0,0,9,0
9,0.958249,-0.0852761,0.15,-0.00746644350894,-0.0991736612222,0.000120450609832,10,0
10,0.140065,-0.0412148,0.1,0,0,0,11,0
11,0.134709,-0.0407917,0.1,2.66212206791e-24,0,0,12,0
12,0.134709,-0.0407917,0.15,-0.00256367100736,-0.0431639576833,-0.000292936735159,13,0
13,0.140065,-0.0412148,0.15,-0.00316286364671,-0.0525007420383,-0.000339931273947,14,0
14,0.0440394,0.0389468,0.1,0,0,0,15,0
15,0.0482783,0.0406844,0.1,0,0,0,16,0
16,0.0482783,0.0406844,0.15,1.11030421013e-05,-1.38998926015e-05,1.44606727228e-06,17,0
17,0.0440394,0.0389468,0.15,1.75359571559e-05,-2.87740877377e-05,1.9950221229e-06,18,0
18,0.559146,0.0381017,0.1,-5.19945725818e-27,0,0,19,0
19,0.563662,0.0372154,0.1,0,0,0,20,0
20,0.563662,0.0372154,0.15,1.15875282072e-05,5.99806129318e-05,-1.80756271878e-07,21,0
21,0.559146,0.0381017,0.15,1.09238829148e-05,5.68000194249e-05,-1.63639097057e-07,22,0
22,0.129366,-0.0403371,0.1,1.33106103396e-24,0,0,23,0
23,0.129366,-0.0403371,0.15,-0.00197415843521,-0.0347457991337,-0.000230583022326,24,0
24,0.735779,-0.0028717,0.1,-1.66382604102e-25,0,0,25,0
25,0.743356,-0.00488488,0.1,1.66382604102e-25,0,0,26,0
26,0.743356,-0.00488488,0.15,-0.000181554512847,-0.000598982946461,2.38165054385e-06,27,0
27,0.735779,-0.0028717,0.15,-0.000145365141636,-0.000476327896184,1.6294454595e-06,28,0
28,0.903463,-0.0531327,0.1,1.33106103396e-24,0,0,29,0
29,0.907856,-0.0545707,0.1,0,0,0,30,0
30,0.907856,-0.0545707,0.15,-0.00433069913619,-0.0129304577578,5.64442455267e-05,31,0
31,0.903463,-0.0531327,0.15,-0.00410130014952,-0.0122744861187,3.95616049059e-05,32,0
32,0.995066,-0.0882592,0.1,0,0,0,33,0
33,0.990347,-0.0878927,0.1,-5.32424413583e-24,0,0,34,0
34,0.990347,-0.0878927,0.15,-0.00163013940718,-0.0250068067297,-9.82251956669e-05,35,0
35,0.995066,-0.0882592,0.15,-0.000966681882874,-0.0162690299614,-0.000125797426376,36,0
36,0.055694,0.0434126,0.1,4.1595656054e-26,0,0,37,0
37,0.055694,0.0434126,0.15,2.585988968e-06,8.00891145738e-06,6.19339549483e-07,38,0
38,0.00654038,0.0161572,0.1,0,0,0,39,0
39,0.0121963,0.0214907,0.1,0,0,0,40,0
40,0.0121963,0.0214907,0.15,6.37830036693e-05,-0.000117235218369,4.33803687856e-06,41,0
41,0.00654038,0.0161572,0.15,4.15430568317e-05,-9.39555367716e-05,-1.56856814549e-06,42,0
42,0.694562,-0.0672861,0.1,-5.32424413583e-24,0,0,43,0
43,0.68919,-0.0669854,0.1,0,0,0,44,0
44,0.68919,-0.0669854,0.15,-0.0438765916587,-0.783234803747,0.000721038184575,45,0
45,0.694562,-0.0672861,0.15,-0.0435657232151,-0.771615001944,0.000852884219795,46,0
46,0.678496,-0.0663887,0.1,5.32424413583e-24,0,0,47,0
47,0.673414,-0.0661052,0.1,-5.32424413583e-24,0,0,48,0
48,0.673414,-0.0661052,0.15,-0.0447159666282,-0.816253839808,0.000818869217963,49,0
49,0.678496,-0.0663887,0.15,-0.0444613280606,-0.805822699971,0.000696498887376,50,0
50,0.699925,-0.0676033,0.1,0,0,0,51,0
51,0.699925,-0.0676033,0.15,-0.0431990070695,-0.759851683717,0.000568576371963,52,0
52,0.716014,-0.0685542,0.1,0,0,0,53,0
53,0.710651,-0.0682377,0.1,0,0,0,54,0
54,0.710651,-0.0682377,0.15,-0.0423727668198,-0.735740220345,0.000215542159061,55,0
55,0.716014,-0.0685542,0.15,-0.0419194077871,-0.723339978839,0.000117840964289,56,0
56,0.763795,-0.0713974,0.1,2.66212206791e-24,0,0,57,0
57,0.758859,-0.0710778,0.1,1.06484862602e-23,0,0,58,0
58,0.758859,-0.0710778,0.15,-0.0380784174674,-0.618246431038,0.000830413590671,59,0
59,0.763795,-0.0713974,0.15,-0.0375837232905,-0.606204729163,0.000568368087089,60,0
60,0.79514,-0.0193544,0.1,0,0,0,61,0
61,0.802701,-0.0215789,0.1,-1.66382604102e-25,0,0,62,0
62,0.802701,-0.0215789,0.15,-0.000760163759026,-0.00246239990438,8.50629392715e-06,63,0
63,0.79514,-0.0193544,0.15,-0.000645809026937,-0.00210603464207,9.21665698391e-06,64,0
64,0.937145,-0.0836625,0.1,-5.32424413583e-24,0,0,65,0
65,0.932668,-0.0833009,0.1,-2.66212206791e-24,0,0,66,0
66,0.932668,-0.0833009,0.15,-0.0122966019293,-0.165706256549,-6.36933838472e-06,67,0
67,0.937145,-0.0836625,0.15,-0.011411456585,-0.154019171994,-9.51506454104e-05,68,0
68,1.00277,-0.0889025,0.1,0,0,0,69,0
69,1.00277,-0.0889025,0.15,7.88786385141e-05,-0.00352532458562,-0.000233262666069,70,0
70,0.974296,-0.086578,0.1,0,0,0,71,0
71,0.968946,-0.0861687,0.1,0,0,0,72,0
72,0.968946,-0.0861687,0.15,-0.00534086870837,-0.0725635638203,-2.05454774753e-05,73,0
73,0.974296,-0.086578,0.15,-0.00440178753823,-0.0598031332999,1.90236401685e-05,74,0
74,0.968182,-0.075624,0.1,5.32424413583e-24,0,0,75,0
75,0.972489,-0.0771835,0.1,0,0,0,76,0
76,0.972489,-0.0771835,0.15,-0.0062885749441,-0.0182378801998,2.02911506813e-05,77,0
77,0.968182,-0.075624,0.15,-0.00646084795709,-0.0187080750065,2.53884678933e-05,78,0
78,0.172628,0.0673466,0.1,0,0,0,79,0
79,0.177909,0.0678777,0.1,0,0,0,80,0
80,0.177909,0.0678777,0.15,-4.15091740822e-08,-2.77093105179e-06,1.17435859762e-08,81,0
81,0.172628,0.0673466,0.15,-1.45369466237e-07,-1.89764316122e-06,4.0690617543e-10,82,0
82,0.183244,0.0683825,0.1,1.29986456598e-27,0,0,83,0
83,0.183244,0.0683825,0.15,3.32980030266e-08,-3.42979313391e-06,2.12239068704e-08,84,0
84,0.193923,0.0692791,0.1,-1.29986456598e-27,0,0,85,0
85,0.199279,0.0696493,0.1,0,0,0,86,0
86,0.199279,0.0696493,0.15,1.26044532091e-07,-4.32467687725e-06,3.29056309315e-08,87,0
87,0.193923,0.0692791,0.15,1.12249656905e-07,-4.18099149127e-06,3.3520951317e-08,88,0
88,0.34459,0.0688976,0.1,0,0,0,89,0
89,0.34994,0.0684888,0.1,-1.62483020461e-28,0,0,90,0
90,0.34994,0.0684888,0.15,-2.79803725138e-08,-8.73530369969e-07,5.40706125928e-09,91,0
91,0.34459,0.0688976,0.15,-2.50983675938e-08,-8.38770631539e-07,5.49199039739e-09,92,0
92,0.328516,0.0699696,0.1,0,0,0,93,0
93,0.333877,0.0696371,0.1,-8.12415202876e-29,0,0,94,0
94,0.333877,0.0696371,0.15,-1.78660047041e-08,-7.59841727076e-07,5.51101763804e-09,95,0
95,0.328516,0.0699696,0.15,-1.42056620384e-08,-7.2413640951e-07,5.52242251721e-09,96,0
96,0.355291,0.06808,0.1,1.62483020461e-28,0,0,97,0
97,0.355291,0.06808,0.15,-2.96883084839e-08,-8.98946555541e-07,6.08718630042e-09,98,0
98,0.365913,0.0671155,0.1,0,0,0,99,0
99,0.370983,0.0666493,0.1,-3.24966040922e-28,0,0,100,0
100,0.370983,0.0666493,0.15,-2.30812527919e-08,-8.7166666789e-07,3.97333619839e-09,101,0
101,0.365913,0.0671155,0.15,-2.78151425668e-08,-9.0223083891e-07,4.21142662825e-09,102,0
102,0.161022,-0.0426295,0.1,0,0,0,103,0
103,0.156087,-0.0423016,0.1,0,0,0,104,0
104,0.156087,-0.0423016,0.15,-0.00494216962077,-0.0854776484359,-0.000374544579361,105,0
105,0.161022,-0.0426295,0.15,-0.00555347315561,-0.0970455147924,-0.000445833924508,106,0
106,0.150777,-0.0419382,0.1,0,0,0,107,0
107,0.150777,-0.0419382,0.15,-0.00430077691706,-0.0737666981148,-0.000311579589141,108,0
108,0.824016,-0.0279376,0.1,0,0,0,109,0
109,0.82847,-0.029303,0.1,-3.32765208203e-25,0,0,110,0
110,0.82847,-0.029303,0.15,-0.00127120955564,-0.00403353666199,1.02171625804e-05,111,0
111,0.824016,-0.0279376,0.15,-0.00116885327941,-0.00372474704421,1.16289538662e-05,112,0
112,0.882377,-0.0461785,0.1,-1.33106103396e-24,0,0,113,0
113,0.88674,-0.0475906,0.1,1.33106103396e-24,0,0,114,0
114,0.88674,-0.0475906,0.15,-0.00326501073292,-0.00990902567576,3.8893826099e-05,115,0
115,0.882377,-0.0461785,0.15,-0.00306510452239,-0.00933340312002,3.39018984186e-05,116,0
116,0.539045,0.0419681,0.1,-2.59972812623e-27,0,0,117,0
117,0.543877,0.0410528,0.1,0,0,0,118,0
118,0.543877,0.0410528,0.15,8.72194068122e-06,4.61666994414e-05,-1.36273119665e-07,119,0
119,0.539045,0.0419681,0.15,8.07179820249e-06,4.29873329144e-05,-1.26734859169e-07,120,0
120,0.549029,0.0400769,0.1,5.19945725818e-27,0,0,121,0
121,0.549029,0.0400769,0.15,9.43900184162e-06,4.96841190579e-05,-1.64459564467e-07,122,0
122,0.651887,0.0181129,0.1,-8.3191312108e-26,0,0,123,0
123,0.656625,0.0170098,0.1,0,0,0,124,0
124,0.656625,0.0170098,0.15,1.12828449494e-05,6.83493201668e-05,-1.66991266612e-07,125,0
125,0.651887,0.0181129,0.15,1.31194931272e-05,7.48917079813e-05,-1.73356275367e-07,126,0
126,0.113355,-0.0389032,0.1,0,0,0,127,0
127,0.108075,-0.0383793,0.1,0,0,0,128,0
128,0.108075,-0.0383793,0.15,-6.72566542962e-05,-0.00961401443934,-9.1137958356e-05,129,0
129,0.113355,-0.0389032,0.15,-0.000482754957941,-0.0146110079378,-0.000121428975481,130,0
130,0.118683,-0.0393971,0.1,0,0,0,131,0
131,0.118683,-0.0393971,0.15,-0.00093508191952,-0.0204800854785,-0.000148549154595,132,0
132,0.565452,-0.060686,0.1,0,0,0,133,0
133,0.560369,-0.0604416,0.1,0,0,0,134,0
134,0.560369,-0.0604416,0.15,-0.0476825225351,-0.987334871953,3.20689714094e-05,135,0
135,0.565452,-0.060686,0.15,-0.0476359073543,-0.983584436776,-3.64516130319e-06,136,0
136,0.608372,-0.0627347,0.1,-6.65530516978e-25,0,0,137,0
137,0.603002,-0.0624799,0.1,1.33106103396e-24,0,0,138,0
138,0.603002,-0.0624799,0.15,-0.0468461747866,-0.940328163938,0.000274007351188,139,0
139,0.608372,-0.0627347,0.15,-0.0467209826033,-0.932235527191,0.000451315809418,140,0
140,0.592263,-0.0619691,0.1,5.32424413583e-24,0,0,141,0
141,0.586893,-0.0617122,0.1,5.32424413583e-24,0,0,142,0
142,0.586893,-0.0617122,0.15,-0.0472447823536,-0.961999646943,4.11644932896e-05,143,0
143,0.592263,-0.0619691,0.15,-0.0471139179023,-0.955251056098,6.69637882633e-05,144,0
144,0.570784,-0.0609415,0.1,5.32424413583e-24,0,0,145,0
145,0.570784,-0.0609415,0.15,-0.047564199428,-0.979058087642,-6.08006679958e-06,146,0
146,0.581523,-0.0614553,0.1,0,0,0,147,0
147,0.581523,-0.0614553,0.15,-0.0473655594205,-0.968231900491,2.18010701911e-05,148,0
148,0.66892,-0.0658645,0.1,0,0,0,149,0
149,0.66892,-0.0658645,0.15,-0.044908713109,-0.825245993657,0.000681344679325,150,0
150,0.65663,-0.0652142,0.1,0,0,0,151,0
151,0.651315,-0.064933,0.1,0,0,0,152,0
152,0.651315,-0.064933,0.15,-0.0456310020085,-0.858992870199,0.000282774022328,153,0
153,0.65663,-0.0652142,0.15,-0.0454153150256,-0.849010684335,0.000340310028576,154,0
154,0.613741,-0.0629895,0.1,-5.32424413583e-24,0,0,155,0
155,0.613741,-0.0629895,0.15,-0.0466087139383,-0.92379561489,0.00069148154512,156,0
156,0.629848,-0.0637824,0.1,0,0,0,157,0
157,0.624481,-0.0634991,0.1,0,0,0,158,0
158,0.624481,-0.0634991,0.15,-0.0464503631248,-0.906145709514,0.00151997068815,159,0
159,0.629848,-0.0637824,0.15,-0.0463421475164,-0.897080942591,0.00115992750316,160,0
160,0.645948,-0.0646464,0.1,-2.66212206791e-24,0,0,161,0
161,0.645948,-0.0646464,0.15,-0.0458413486115,-0.868847128318,0.000358672286325,162,0
162,0.635215,-0.0640704,0.1,5.32424413583e-24,0,0,163,0
163,0.635215,-0.0640704,0.15,-0.0462015677977,-0.887867530064,0.000792425989834,164,0
164,0.737469,-0.0698078,0.1,0,0,0,165,0
165,0.732105,-0.0694965,0.1,0,0,0,166,0
166,0.732105,-0.0694965,0.15,-0.0404696806951,-0.684733859423,0.000144762513452,167,0
167,0.737469,-0.0698078,0.15,-0.0399770482469,-0.671472720512,0.000271431598451,168,0
168,0.721378,-0.0688683,0.1,-1.06484862602e-23,0,0,169,0
169,0.721378,-0.0688683,0.15,-0.0414502991593,-0.710695145921,0.000110541539905,170,0
170,0.752809,-0.00747,0.1,0,0,0,171,0
171,0.757268,-0.00868932,0.1,-1.66382604102e-25,0,0,172,0
172,0.757268,-0.00868932,0.15,-0.000266808599503,-0.000881502521309,2.95700155484e-06,173,0
173,0.752809,-0.00747,0.15,-0.000236605683561,-0.00078118916669,2.49482636947e-06,174,0
174,0.742833,-0.0701164,0.1,1.33106103396e-24,0,0,175,0
175,0.742833,-0.0701164,0.15,-0.03949819418,-0.658093409353,0.000511632936685,176,0
176,0.753551,-0.0707343,0.1,0,0,0,177,0
177,0.753551,-0.0707343,0.15,-0.0385973696411,-0.631339011064,0.00122060970725,178,0
178,0.807323,-0.0229387,0.1,0,0,0,179,0
179,0.807323,-0.0229387,0.15,-0.000836591132981,-0.00270098213195,9.37569973363e-06,180,0
180,0.816485,-0.0256769,0.1,0,0,0,181,0
181,0.816485,-0.0256769,0.15,-0.00101057085496,-0.00323805840868,9.48114457987e-06,182,0
182,0.979648,-0.0870197,0.1,-2.66212206791e-24,0,0,183,0
183,0.979648,-0.0870197,0.15,-0.00342220798411,-0.0475356671156,-1.79705293154e-05,184,0
184,0.155572,0.0653265,0.1,0,0,0,185,0
185,0.163075,0.0662727,0.1,0,0,0,186,0
186,0.163075,0.0662727,0.15,-4.40091457217e-07,3.60204301531e-07,-2.76222753995e-08,187,0
187,0.155572,0.0653265,0.15,-7.78034118503e-07,2.70980532462e-06,-5.87810992339e-08,188,0
188,0.134936,0.0624123,0.1,0,0,0,189,0
189,0.140152,0.0632237,0.1,0,0,0,190,0
190,0.140152,0.0632237,0.15,-1.82346920633e-06,9.45379097285e-06,-1.52623834308e-07,191,0
191,0.134936,0.0624123,0.15,-2.32901511562e-06,1.23860809504e-05,-1.90077698869e-07,192,0
192,0.15067,0.0646969,0.1,-1.29986456598e-27,0,0,193,0
193,0.15067,0.0646969,0.15,-1.04366210181e-06,4.52359848665e-06,-8.62312454385e-08,194,0
194,0.129926,0.0615995,0.1,0,0,0,195,0
195,0.129926,0.0615995,0.15,-2.87976719014e-06,1.54640506593e-05,-2.33541552577e-07,196,0
196,0.215385,0.0706137,0.1,0,0,0,197,0
197,0.220755,0.0708768,0.1,-6.49932182415e-28,0,0,198,0
198,0.220755,0.0708768,0.15,1.02872311811e-07,-3.90785066953e-06,3.25869580908e-08,199,0
199,0.215385,0.0706137,0.15,1.15579700592e-07,-4.11828678172e-06,3.30908244456e-08,200,0
200,0.204643,0.0700007,0.1,0,0,0,201,0
201,0.204643,0.0700007,0.15,1.29420235524e-07,-4.34688923715e-06,3.34987651059e-08,202,0
202,0.226147,0.0710904,0.1,-3.24966040922e-28,0,0,203,0
203,0.226147,0.0710904,0.15,8.9618333636e-08,-3.65535026535e-06,2.86346042552e-08,204,0
204,0.307002,0.0710483,0.1,0,0,0,205,0
205,0.3124,0.0708115,0.1,4.06207601438e-29,0,0,206,0
206,0.3124,0.0708115,0.15,-5.27343208025e-09,-6.78431708247e-07,5.98387559471e-09,207,0
207,0.307002,0.0710483,0.15,-3.23927533141e-09,-6.94729823668e-07,6.5685144416e-09,208,0
208,0.323139,0.0702981,0.1,-8.12415202876e-29,0,0,209,0
209,0.323139,0.0702981,0.15,-1.06883128224e-08,-6.96211653383e-07,6.17358178015e-09,210,0
210,0.301626,0.0712229,0.1,2.03103800719e-29,0,0,211,0
211,0.301626,0.0712229,0.15,-1.40964407088e-09,-7.31316655924e-07,6.35065007214e-09,212,0
212,0.375484,0.0662194,0.1,0,0,0,213,0
213,0.375484,0.0662194,0.15,-1.57979702344e-08,-8.18908943953e-07,3.60985545811e-09,214,0
214,0.387868,0.0649724,0.1,0,0,0,215,0
215,0.393162,0.0644176,0.1,0,0,0,216,0
216,0.393162,0.0644176,0.15,4.51483362581e-08,-3.64981075261e-07,1.44799423423e-09,217,0
217,0.387868,0.0649724,0.15,1.97540754103e-08,-5.56295811288e-07,2.0909789947e-09,218,0
218,0.414322,0.0618159,0.1,0,0,0,219,0
219,0.419363,0.0611475,0.1,6.49932182415e-28,0,0,220,0
220,0.419363,0.0611475,0.15,3.24831073128e-07,1.51237950402e-06,-7.81866318819e-09,221,0
221,0.414322,0.0618159,0.15,2.48388814497e-07,1.0175998409e-06,-6.20404809449e-09,222,0
222,0.398466,0.0637733,0.1,0,0,0,223,0
223,0.398466,0.0637733,0.15,8.19640606175e-08,-1.14534353907e-07,-2.99140225078e-10,224,0
224,0.409073,0.0624846,0.1,0,0,0,225,0
225,0.409073,0.0624846,0.15,1.82052847735e-07,5.75065486722e-07,-4.22440244404e-09,226,0
226,0.644298,0.0198798,0.1,0,0,0,227,0
227,0.644298,0.0198798,0.15,1.53913470689e-05,8.28603091246e-05,-2.25233188618e-07,228,0
228,0.769305,-0.012054,0.1,3.32765208203e-25,0,0,229,0
229,0.773716,-0.0132957,0.1,0,0,0,230,0
230,0.773716,-0.0132957,0.15,-0.000401247384149,-0.0013180771724,3.32292318063e-06,231,0
231,0.769305,-0.012054,0.15,-0.000360873106174,-0.00118731530471,3.06573611535e-06,232,0
232,0.86683,-0.078349,0.1,0,0,0,233,0
233,0.861509,-0.0779844,0.1,8.3191312108e-26,0,0,234,0
234,0.861509,-0.0779844,0.15,-0.0249278374958,-0.357098634258,0.000246308781773,235,0
235,0.86683,-0.078349,0.15,-0.0241109303395,-0.342814173959,0.000418504253654,236,0
236,0.856432,-0.0776336,0.1,0,0,0,237,0
237,0.856432,-0.0776336,0.15,-0.0257104797286,-0.37060476687,0.000157319044043,238,0
238,0.872186,-0.078716,0.1,-1.06484862602e-23,0,0,239,0
239,0.872186,-0.078716,0.15,-0.0232920419122,-0.328380162907,0.00065077276425,240,0
240,0.877556,-0.0791301,0.1,0,0,0,241,0
241,0.877556,-0.0791301,0.15,-0.022338376778,-0.313894156065,0.000355549421219,242,0
242,0.942224,-0.0840255,0.1,0,0,0,243,0
243,0.942224,-0.0840255,0.15,-0.0105229119028,-0.140693365206,8.90336776918e-05,244,0
244,0.963606,-0.08572,0.1,6.65530516978e-25,0,0,245,0
245,0.963606,-0.08572,0.15,-0.00640105380488,-0.0856914446629,5.63565466322e-05,246,0
246,0.145423,-0.0415721,0.1,0,0,0,247,0
247,0.145423,-0.0415721,0.15,-0.0036985761654,-0.0627263325629,-0.00029338035881,248,0
248,0.870442,-0.0423492,0.1,6.65530516978e-25,0,0,249,0
249,0.877955,-0.0447469,0.1,0,0,0,250,0
250,0.877955,-0.0447469,0.15,-0.00287302785193,-0.0087814733459,3.2584936591e-05,251,0
251,0.870442,-0.0423492,0.15,-0.00256860608162,-0.00789547615568,2.56401194687e-05,252,0
252,0.039828,0.037197,0.1,0,0,0,253,0
253,0.039828,0.037197,0.15,2.49087287917e-05,-4.55936796923e-05,2.71489326851e-06,254,0
254,0.554181,0.0390762,0.1,0,0,0,255,0
255,0.554181,0.0390762,0.15,1.01888112979e-05,5.32879502456e-05,-1.6454957652e-07,256,0
256,0.0910224,-0.036454,0.1,2.66212206791e-24,0,0,257,0
257,0.0861135,-0.0358225,0.1,0,0,0,258,0
258,0.0861135,-0.0358225,0.15,0.00113964109948,0.00290864144772,2.60208453116e-05,259,0
259,0.0910224,-0.036454,0.15,0.000931339127825,0.00101265571515,2.30559890736e-06,260,0
260,0.0808727,-0.0351114,0.1,5.32424413583e-24,0,0,261,0
261,0.0808727,-0.0351114,0.15,0.00130519086581,0.00434663881256,5.01436833908e-05,262,0
262,0.0985197,-0.0373488,0.1,0,0,0,263,0
263,0.0985197,-0.0373488,0.15,0.000552976327674,-0.0027448366078,-3.78723753514e-05,264,0
264,0.103028,-0.0378478,0.1,-1.33106103396e-24,0,0,265,0
265,0.103028,-0.0378478,0.15,0.000286858256393,-0.00561533607647,-6.22771171018e-05,266,0
266,0.124024,-0.039861,0.1,0,0,0,267,0
267,0.124024,-0.039861,0.15,-0.0014155184888,-0.0271941096845,-0.000170653701178,268,0
268,0.74802,-0.00616036,0.1,0,0,0,269,0
269,0.74802,-0.00616036,0.15,-0.000207166210633,-0.000683590656059,2.30058236968e-06,270,0
270,0.909663,-0.0814915,0.1,0,0,0,271,0
271,0.904314,-0.081094,0.1,0,0,0,272,0
272,0.904314,-0.081094,0.15,-0.0175962400886,-0.241069476832,0.000292733378319,273,0
273,0.909663,-0.0814915,0.15,-0.0166361483955,-0.226537910817,0.000308009680932,274,0
274,0.898959,-0.0807167,0.1,1.33106103396e-24,0,0,275,0
275,0.898959,-0.0807167,0.15,-0.018508107447,-0.25568914403,0.000115012473797,276,0
276,0.898792,-0.0516034,0.1,-3.32765208203e-25,0,0,277,0
277,0.898792,-0.0516034,0.15,-0.00386154927384,-0.0115874879784,2.63423040002e-05,278,0
278,0.915013,-0.0819046,0.1,0,0,0,279,0
279,0.915013,-0.0819046,0.15,-0.0156361195109,-0.21211546556,0.000223257147472,280,0
280,0.920317,-0.0823041,0.1,0,0,0,281,0
281,0.920317,-0.0823041,0.15,-0.0146763194769,-0.197961246164,0.000258109814548,282,0
282,0.915316,-0.0571262,0.1,2.66212206791e-24,0,0,283,0
283,0.919709,-0.0586277,0.1,1.33106103396e-24,0,0,284,0
284,0.919709,-0.0586277,0.15,-0.00497800950384,-0.0147094378782,3.53175617312e-05,285,0
285,0.915316,-0.0571262,0.15,-0.00473908030243,-0.0140503887319,3.82848417574e-05,286,0
286,0.985031,-0.0874714,0.1,0,0,0,287,0
287,0.985031,-0.0874714,0.15,-0.00246583947112,-0.0358191249843,-7.16954051082e-05,288,0
288,0.466839,0.054298,0.1,6.49932182415e-28,0,0,289,0
289,0.474385,0.0531381,0.1,-8.12415202876e-29,0,0,290,0
290,0.474385,0.0531381,0.15,2.14090903273e-06,1.23074335474e-05,-5.07546490033e-08,291,0
291,0.466839,0.054298,0.15,1.76899632535e-06,1.01721062677e-05,-3.45427641243e-08,292,0
292,0.571243,0.0357275,0.1,0,0,0,293,0
293,0.571243,0.0357275,0.15,1.26863591491e-05,6.52590706013e-05,-2.53779480489e-07,294,0
294,0.576065,0.0347811,0.1,0,0,0,295,0
295,0.576065,0.0347811,0.15,1.33799045349e-05,6.85977634914e-05,-3.37472587165e-07,296,0
296,0.0159357,-0.0181008,0.1,0,0,0,297,0
297,0.012178,-0.0159818,0.1,5.32424413583e-24,0,0,298,0
298,0.012178,-0.0159818,0.15,-0.000165888794959,3.25557203882e-05,2.93854455815e-06,299,0
299,0.0159357,-0.0181008,0.15,-7.64433146376e-05,0.00019578617278,1.88680550885e-05,300,0
300,0.683825,-0.066686,0.1,0,0,0,301,0
301,0.683825,-0.066686,0.15,-0.0441765077978,-0.794665127663,0.000663145247849,302,0
302,0.705288,-0.0679205,0.1,-2.66212206791e-24,0,0,303,0
303,0.705288,-0.0679205,0.15,-0.0428007615622,-0.747904117353,0.000365740193673,304,0
304,0.764809,-0.0107888,0.1,0,0,0,305,0
305,0.764809,-0.0107888,0.15,-0.00032342004619,-0.00106623551565,3.11271838434e-06,306,0
306,0.771177,-0.0718751,0.1,2.66212206791e-24,0,0,307,0
307,0.771177,-0.0718751,0.15,-0.0368182487198,-0.588245866215,0.000304495791397,308,0
308,0.851932,-0.0773221,0.1,2.66212206791e-24,0,0,309,0
309,0.851932,-0.0773221,0.15,-0.0263928314366,-0.382380857757,0.000104335133394,310,0
310,0.844538,-0.0768092,0.1,5.32424413583e-24,0,0,311,0
311,0.844538,-0.0768092,0.15,-0.0274922859257,-0.401416848183,5.5695325128e-05,312,0
312,0.888251,-0.0799488,0.1,5.32424413583e-24,0,0,313,0
313,0.882905,-0.0795508,0.1,0,0,0,314,0
314,0.882905,-0.0795508,0.15,-0.0213391323559,-0.299435806559,7.15701022955e-06,315,0
315,0.888251,-0.0799488,0.15,-0.0203777231679,-0.284922544671,-6.38822180723e-05,316,0
316,0.956402,-0.0713406,0.1,-1.06484862602e-23,0,0,317,0
317,0.963844,-0.0740114,0.1,0,0,0,318,0
318,0.963844,-0.0740114,0.15,-0.00652456140507,-0.0188840259422,6.48680964587e-05,319,0
319,0.956402,-0.0713406,0.15,-0.00648935613212,-0.0188134343664,7.54274557002e-05,320,0
320,0.167598,0.0668111,0.1,0,0,0,321,0
321,0.167598,0.0668111,0.15,-2.77906834256e-07,-8.30456434397e-07,-1.26533212055e-08,322,0
322,0.188577,0.0688433,0.1,-1.29986456598e-27,0,0,323,0
323,0.188577,0.0688433,0.15,8.23275483978e-08,-3.89092739777e-06,2.7517881532e-08,324,0
324,0.339238,0.0693046,0.1,1.62483020461e-28,0,0,325,0
325,0.339238,0.0693046,0.15,-2.14140585903e-08,-7.994223904e-07,6.28352823478e-09,326,0
326,0.360611,0.0676031,0.1,0,0,0,327,0
327,0.360611,0.0676031,0.15,-2.99215654173e-08,-9.1005876982e-07,5.028844691e-09,328,0
328,0.832853,-0.030647,0.1,-3.32765208203e-25,0,0,329,0
329,0.832853,-0.030647,0.15,-0.0013789303491,-0.00435906349309,9.83131057629e-06,330,0
330,0.0185381,0.0259693,0.1,0,0,0,331,0
331,0.0185381,0.0259693,0.15,6.61865467537e-05,-0.000121236178714,5.44897771025e-06,332,0
332,0.022097,0.0282351,0.1,0,0,0,333,0
333,0.0289023,0.0320577,0.1,0,0,0,334,0
334,0.0289023,0.0320577,0.15,4.75447588359e-05,-9.11410559775e-05,4.72570420958e-06,335,0
335,0.022097,0.0282351,0.15,6.15304092899e-05,-0.000114559597511,5.55755537823e-06,336,0
336,0.0327263,0.0340139,0.1,-6.65530516978e-25,0,0,337,0
337,0.0327263,0.0340139,0.15,3.9093532171e-05,-7.55349170176e-05,4.17936021138e-06,338,0
338,0.661477,0.0158711,0.1,8.3191312108e-26,0,0,339,0
339,0.661477,0.0158711,0.15,8.87111227671e-06,5.96461301529e-05,-1.54480496339e-07,340,0
340,0.665966,0.0147919,0.1,-1.66382604102e-25,0,0,341,0
341,0.673555,0.0129674,0.1,0,0,0,342,0
342,0.673555,0.0129674,0.15,3.78459349393e-07,2.9205672905e-05,-1.82477362682e-08,343,0
343,0.665966,0.0147919,0.15,6.06209556626e-06,4.95926688231e-05,-9.73282029261e-08,344,0
344,0.0756001,-0.0343525,0.1,-5.32424413583e-24,0,0,345,0
345,0.0704187,-0.0335129,0.1,0,0,0,346,0
346,0.0704187,-0.0335129,0.15,0.00147269675999,0.00570423177926,8.55890622379e-05,347,0
347,0.0756001,-0.0343525,0.15,0.00141560598655,0.00526412915853,7.33925094602e-05,348,0
348,0.0609081,-0.0318034,0.1,5.32424413583e-24,0,0,349,0
349,0.0533366,-0.0302848,0.1,0,0,0,350,0
350,0.0533366,-0.0302848,0.15,0.00127587409087,0.00475755841927,0.000103283048376,351,0
351,0.0609081,-0.0318034,0.15,0.00142463334064,0.00550421795656,9.80858529854e-05,352,0
352,0.0654274,-0.0326129,0.1,0,0,0,353,0
353,0.0654274,-0.0326129,0.15,0.00147200884664,0.00574834271403,8.66187196711e-05,354,0
354,0.555887,-0.060226,0.1,0,0,0,355,0
355,0.555887,-0.060226,0.15,-0.0477003137443,-0.990115490112,7.0996539457e-05,356,0
356,0.597632,-0.0622251,0.1,-2.66212206791e-24,0,0,357,0
357,0.597632,-0.0622251,0.15,-0.0469786886208,-0.948015997875,0.000136249485216,358,0
358,0.576154,-0.0611984,0.1,-5.32424413583e-24,0,0,359,0
359,0.576154,-0.0611984,0.15,-0.0474730207379,-0.973923780002,7.98804374681e-06,360,0
360,0.661568,-0.0654755,0.1,-1.33106103396e-24,0,0,361,0
361,0.661568,-0.0654755,0.15,-0.0452107915488,-0.83956515134,0.00043500552477,362,0
362,0.619111,-0.0632443,0.1,-1.06484862602e-23,0,0,363,0
363,0.619111,-0.0632443,0.15,-0.0465159864374,-0.91507198862,0.00103226124553,364,0
364,0.640581,-0.0643584,0.1,0,0,0,365,0
365,0.640581,-0.0643584,0.15,-0.046033843662,-0.878467656814,0.000536172435028,366,0
366,0.726741,-0.0691824,0.1,0,0,0,367,0
367,0.726741,-0.0691824,0.15,-0.0409655213941,-0.697820606266,0.000118021491256,368,0
368,0.748197,-0.0704251,0.1,0,0,0,369,0
369,0.748197,-0.0704251,0.15,-0.0390360552006,-0.644674975636,0.000822353539293,370,0
370,0.812056,-0.0243488,0.1,-1.66382604102e-25,0,0,371,0
371,0.812056,-0.0243488,0.15,-0.000923095834032,-0.00296861260687,9.4347687608e-06,372,0
372,0.893605,-0.0803353,0.1,5.32424413583e-24,0,0,373,0
373,0.893605,-0.0803353,0.15,-0.0194369111515,-0.270322690182,-2.63709268274e-06,374,0
374,0.894252,-0.0500939,0.1,0,0,0,375,0
375,0.894252,-0.0500939,0.15,-0.00363216537298,-0.0109399442834,2.74313593313e-05,376,0
376,0.925251,-0.0826712,0.1,0,0,0,377,0
377,0.925251,-0.0826712,0.15,-0.0138080501354,-0.184987240676,0.000358526155025,378,0
378,0.924052,-0.0600967,0.1,-2.66212206791e-24,0,0,379,0
379,0.924052,-0.0600967,0.15,-0.00520685634954,-0.0153468237884,4.52895998672e-05,380,0
380,0.145414,0.0640194,0.1,-2.59972812623e-27,0,0,381,0
381,0.145414,0.0640194,0.15,-1.37915160778e-06,6.81513841642e-06,-1.27032150376e-07,382,0
382,0.125409,0.0608462,0.1,-1.03989165278e-26,0,0,383,0
383,0.125409,0.0608462,0.15,-3.42308095017e-06,1.8425678532e-05,-2.85035386597e-07,384,0
384,0.210005,0.0703291,0.1,-6.49932182415e-28,0,0,385,0
385,0.210005,0.0703291,0.15,1.24934919818e-07,-4.27120468892e-06,3.47506668246e-08,386,0
386,0.231468,0.07129,0.1,0,0,0,387,0
387,0.231468,0.07129,0.15,7.54755492912e-08,-3.37998780532e-06,2.70736544483e-08,388,0
388,0.236422,0.0714437,0.1,0,0,0,389,0
389,0.236422,0.0714437,0.15,6.31420474486e-08,-3.11095535496e-06,2.45673668793e-08,390,0
390,0.31777,0.0705548,0.1,4.06207601438e-29,0,0,391,0
391,0.31777,0.0705548,0.15,-7.7793042864e-09,-6.79947732485e-07,5.67387207137e-09,392,0
392,0.296303,0.0713958,0.1,0,0,0,393,0
393,0.296303,0.0713958,0.15,-4.65952171589e-11,-7.89525891988e-07,7.03136044306e-09,394,0
394,0.291346,0.0715309,0.1,2.03103800719e-29,0,0,395,0
395,0.291346,0.0715309,0.15,1.14543304826e-09,-8.65927016619e-07,7.71472692385e-09,396,0
396,0.382947,0.0654679,0.1,0,0,0,397,0
397,0.382947,0.0654679,0.15,2.70346022915e-09,-6.84311657635e-07,2.46738124182e-09,398,0
398,0.423889,0.0605475,0.1,0,0,0,399,0
399,0.423889,0.0605475,0.15,4.03201098283e-07,2.02134687706e-06,-1.01303990067e-08,400,0
400,0.40377,0.063129,0.1,0,0,0,401,0
401,0.40377,0.063129,0.15,1.27448418408e-07,1.97743608082e-07,-2.09842032636e-09,402,0
402,0.586087,0.032679,0.1,0,0,0,403,0
403,0.590594,0.0317189,0.1,2.07978330556e-26,0,0,404,0
404,0.590594,0.0317189,0.15,1.54578051302e-05,7.81263087203e-05,-2.21426030762e-07,405,0
405,0.586087,0.032679,0.15,1.48513652634e-05,7.53302527398e-05,-2.55205593245e-07,406,0
406,0.581147,0.0337312,0.1,0,0,0,407,0
407,0.581147,0.0337312,0.15,1.41325461022e-05,7.2069080845e-05,-3.22272518224e-07,408,0
408,0.687602,0.00953855,0.1,-8.3191312108e-26,0,0,409,0
409,0.695189,0.00764023,0.1,8.3191312108e-26,0,0,410,0
410,0.695189,0.00764023,0.15,-2.65652824623e-05,-6.67380943538e-05,2.73806508651e-07,411,0
411,0.687602,0.00953855,0.15,-1.50451275227e-05,-2.6026919868e-05,1.4038712308e-07,412,0
412,0.699921,0.00645595,0.1,1.66382604102e-25,0,0,413,0
413,0.699921,0.00645595,0.15,-3.48929663267e-05,-9.62039171789e-05,3.98307258597e-07,414,0
414,0.0058575,-0.0111125,0.1,0,0,0,415,0
415,0.00116659,-0.00441106,0.1,0,0,0,416,0
416,0.00116659,-0.00441106,0.15,-0.000220026469046,-4.81393311917e-05,-3.64942857853e-05,417,0
417,0.0058575,-0.0111125,0.15,-0.000238853772309,-6.34126367555e-05,-2.37720022725e-05,418,0
418,-2.85039e-05,0.000312318,0.1,0,-6.65530516978e-25,0,419,0
419,-2.85039e-05,0.000312318,0.15,-0.000157614826668,-3.02689817718e-05,-3.34459144533e-05,420,0
420,0.000354379,0.00536318,0.1,0,-1.33106103396e-24,0,421,0
421,0.000354379,0.00536318,0.15,-7.54040626236e-05,-3.45005238311e-05,-2.36741053643e-05,422,0
422,0.177961,-0.0435803,0.1,0,0,0,423,0
423,0.172879,-0.0433124,0.1,-2.66212206791e-24,0,0,424,0
424,0.172879,-0.0433124,0.15,-0.00688952860138,-0.127144791158,-0.000404973480871,425,0
425,0.177961,-0.0435803,0.15,-0.00746915292203,-0.141374640792,-0.000355235636183,426,0
426,0.183294,-0.0438674,0.1,0,0,0,427,0
427,0.183294,-0.0438674,0.15,-0.00813091952717,-0.157005259008,-0.000386433009314,428,0
428,0.220862,-0.0456461,0.1,0,0,0,429,0
429,0.215495,-0.045425,0.1,5.32424413583e-24,0,0,430,0
430,0.215495,-0.045425,0.15,-0.0121330515369,-0.262263041092,-0.000561476784395,431,0
431,0.220862,-0.0456461,0.15,-0.0127409899284,-0.281062083587,-0.000438099626248,432,0
432,0.731311,-0.00169124,0.1,0,0,0,433,0
433,0.731311,-0.00169124,0.15,-0.000126155664291,-0.000410772771413,1.3081748408e-06,434,0
434,0.861637,-0.0395603,0.1,1.66382604102e-25,0,0,435,0
435,0.866071,-0.0409629,0.1,0,0,0,436,0
436,0.866071,-0.0409629,0.15,-0.00240069991037,-0.00740360906134,2.25690087789e-05,437,0
437,0.861637,-0.0395603,0.15,-0.00224021797352,-0.00693282188476,2.07316867679e-05,438,0
438,0.51679,0.0460588,0.1,2.59972812623e-27,0,0,439,0
439,0.521985,0.0451597,0.1,0,0,0,440,0
440,0.521985,0.0451597,0.15,5.93930303388e-06,3.25380599228e-05,-1.66165368308e-07,441,0
441,0.51679,0.0460588,0.15,5.39283935484e-06,2.96848085739e-05,-1.25303818378e-07,442,0
442,0.52695,0.0442594,0.1,0,0,0,443,0
443,0.52695,0.0442594,0.15,6.51624509591e-06,3.54313289209e-05,-1.71921513407e-07,444,0
444,0.263851,-0.0473509,0.1,0,0,0,445,0
445,0.258477,-0.0471495,0.1,0,0,0,446,0
446,0.258477,-0.0471495,0.15,-0.0172912953433,-0.414814463469,-0.000159583727192,447,0
447,0.263851,-0.0473509,0.15,-0.017938969782,-0.433607672781,-4.31712793342e-05,448,0
448,0.226235,-0.0458643,0.1,1.33106103396e-24,0,0,449,0
449,0.226235,-0.0458643,0.15,-0.0133616909227,-0.300086910507,-0.000340515296287,450,0
450,0.350066,-0.050622,0.1,-2.12969725204e-23,0,0,451,0
451,0.344681,-0.0504148,0.1,-1.06484862602e-23,0,0,452,0
452,0.344681,-0.0504148,0.15,-0.0289158240359,-0.687194054786,0.00110738460129,453,0
453,0.350066,-0.050622,0.15,-0.0298134503811,-0.70282980218,0.00152006522595,454,0
454,0.312472,-0.0491965,0.1,0,0,0,455,0
455,0.307389,-0.0490067,0.1,0,0,0,456,0
456,0.307389,-0.0490067,0.15,-0.0234354376505,-0.57576999447,0.000152366973097,457,0
457,0.312472,-0.0491965,0.15,-0.0241215306416,-0.591394980646,0.000199782506807,458,0
458,0.269225,-0.0475549,0.1,-1.33106103396e-24,0,0,459,0
459,0.269225,-0.0475549,0.15,-0.0186068189894,-0.452195714954,2.07583987247e-05,460,0
460,0.302916,-0.0488397,0.1,-4.1595656054e-26,0,0,461,0
461,0.302916,-0.0488397,0.15,-0.0228468292217,-0.561954401425,0.000126282586315,462,0
462,0.355437,-0.0508645,0.1,1.06484862602e-23,0,0,463,0
463,0.355437,-0.0508645,0.15,-0.0308165869445,-0.718391830205,0.00111570191617,464,0
464,0.393031,-0.0525967,0.1,-3.32765208203e-25,0,0,465,0
465,0.387661,-0.0523442,0.1,-1.33106103396e-24,0,0,466,0
466,0.387661,-0.0523442,0.15,-0.0363763146806,-0.808243772777,0.000358493871372,467,0
467,0.393031,-0.0525967,0.15,-0.0372101581831,-0.822166273993,0.000284091114899,468,0
468,0.398401,-0.0528492,0.1,-3.32765208203e-25,0,0,469,0
469,0.398401,-0.0528492,0.15,-0.0380073330882,-0.83567693235,0.000250400458176,470,0
470,0.988652,-0.0831228,0.1,2.66212206791e-24,0,0,471,0
471,0.995711,-0.0857107,0.1,0,0,0,472,0
472,0.995711,-0.0857107,0.15,-0.00306563755466,-0.00965170183238,-0.000112134803536,473,0
473,0.988652,-0.0831228,0.15,-0.00459709257396,-0.0137389470272,-6.00513151369e-05,474,0
474,0.0858115,0.0523957,0.1,0,0,0,475,0
475,0.0933885,0.0543018,0.1,-4.1595656054e-26,0,0,476,0
476,0.0933885,0.0543018,0.15,-7.78721026128e-06,3.83746426093e-05,-5.6594832172e-07,477,0
477,0.0858115,0.0523957,0.15,-8.26528891705e-06,4.01788059902e-05,-5.0923268231e-07,478,0
478,0.479259,0.0523563,0.1,0,0,0,479,0
479,0.484455,0.0515076,0.1,0,0,0,480,0
480,0.484455,0.0515076,0.15,2.73507407146e-06,1.55684948129e-05,-5.22502369851e-08,481,0
481,0.479259,0.0523563,0.15,2.41311252225e-06,1.38117813613e-05,-5.23114049525e-08,482,0
482,0.0273342,-0.0231225,0.1,5.32424413583e-24,0,0,483,0
483,0.0230848,-0.0214348,0.1,0,0,0,484,0
484,0.0230848,-0.0214348,0.15,0.000159295487477,0.000719560780034,5.0072045865e-05,485,0
485,0.0273342,-0.0231225,0.15,0.000322930963938,0.00114793327133,6.66513106656e-05,486,0
486,0.709765,0.00393449,0.1,0,0,0,487,0
487,0.714238,0.00277504,0.1,0,0,0,488,0
488,0.714238,0.00277504,0.15,-6.89282535569e-05,-0.000214591551319,6.46284029092e-07,489,0
489,0.709765,0.00393449,0.15,-5.68625048872e-05,-0.000172796692054,5.55506722382e-07,490,0
490,0.781287,-0.0154285,0.1,0,0,0,491,0
491,0.781287,-0.0154285,0.15,-0.000476551166305,-0.00156145568469,4.53832626888e-06,492,0
492,0.780753,-0.0724882,0.1,5.32424413583e-24,0,0,493,0
493,0.775672,-0.072163,0.1,5.32424413583e-24,0,0,494,0
494,0.775672,-0.072163,0.15,-0.0363362165737,-0.577150447481,0.000260305203502,495,0
495,0.780753,-0.0724882,0.15,-0.0357721276295,-0.564395488084,0.000247338238062,496,0
496,0.785934,-0.0167388,0.1,0,0,0,497,0
497,0.785934,-0.0167388,0.15,-0.000527520516685,-0.00172597458671,5.87506057651e-06,498,0
498,0.786076,-0.0728291,0.1,2.66212206791e-24,0,0,499,0
499,0.786076,-0.0728291,0.15,-0.0351666331407,-0.550877689106,0.000263338358271,500,0
500,0.802156,-0.0738451,0.1,0,0,0,501,0
501,0.796795,-0.073507,0.1,-5.32424413583e-24,0,0,502,0
502,0.796795,-0.073507,0.15,-0.0339594156178,-0.523374531334,0.000620398976265,503,0
503,0.802156,-0.0738451,0.15,-0.0333712698209,-0.509598463134,0.000936207925051,504,0
504,0.947701,-0.0683044,0.1,0,0,0,505,0
505,0.952074,-0.0698308,0.1,-5.32424413583e-24,0,0,506,0
506,0.952074,-0.0698308,0.15,-0.0064109480907,-0.0186112441629,5.87290632155e-05,507,0
507,0.947701,-0.0683044,0.15,-0.00628100286868,-0.018264139582,4.86499761079e-05,508,0
508,0.999877,-0.0872382,0.1,-5.32424413583e-24,0,0,509,0
509,0.999877,-0.0872382,0.15,-0.00184428059651,-0.00639117661631,-0.000156590398985,510,0
510,0.258532,0.0718492,0.1,0,0,0,511,0
511,0.263913,0.0718915,0.1,0,0,0,512,0
512,0.263913,0.0718915,0.15,1.43797725041e-08,-1.69041932276e-06,1.55633656344e-08,513,0
513,0.258532,0.0718492,0.15,2.12369309608e-08,-1.93762259303e-06,1.62536021972e-08,514,0
514,0.243684,0.0716553,0.1,1.62483020461e-28,0,0,515,0
515,0.243684,0.0716553,0.15,4.51026563981e-08,-2.7117242408e-06,2.44833790963e-08,516,0
516,0.248131,0.0717203,0.1,-8.12415202876e-29,0,0,517,0
517,0.248131,0.0717203,0.15,3.74572035552e-08,-2.46975675545e-06,2.04203556925e-08,518,0
518,0.269238,0.0718997,0.1,-1.0155190036e-29,0,0,519,0
519,0.269238,0.0718997,0.15,9.26186918346e-09,-1.47047311027e-06,1.47288382415e-08,520,0
520,0.284082,0.0716965,0.1,0,0,0,521,0
521,0.284082,0.0716965,0.15,3.07597938645e-09,-1.01059901516e-06,9.29854683235e-09,522,0
522,0.279658,0.0717886,0.1,0,0,0,523,0
523,0.279658,0.0717886,0.15,4.20405368565e-09,-1.12137921272e-06,1.10581265895e-08,524,0
524,0.625062,0.024222,0.1,0,0,0,525,0
525,0.629845,0.0231625,0.1,-4.1595656054e-26,0,0,526,0
526,0.629845,0.0231625,0.15,1.7616354514e-05,9.02225307444e-05,-2.32898796115e-07,527,0
527,0.625062,0.024222,0.15,1.78090708231e-05,9.05331879865e-05,-2.00419228941e-07,528,0
528,0.0317103,-0.0246885,0.1,1.06484862602e-23,0,0,529,0
529,0.0317103,-0.0246885,0.15,0.00051369687787,0.00170191371112,8.27948970134e-05,530,0
530,0.0485806,-0.0292289,0.1,1.06484862602e-23,0,0,531,0
531,0.0437177,-0.0281089,0.1,0,0,0,532,0
532,0.0437177,-0.0281089,0.15,0.000989309404516,0.00344570766724,0.00010562929552,533,0
533,0.0485806,-0.0292289,0.15,0.0011454350597,0.00415147860069,0.000101824350251,534,0
534,0.199382,-0.0446783,0.1,-2.66212206791e-24,0,0,535,0
535,0.194021,-0.0444233,0.1,0,0,0,536,0
536,0.194021,-0.0444233,0.15,-0.00948319222837,-0.190236602829,-0.000475821012665,537,0
537,0.199382,-0.0446783,0.15,-0.0101267985246,-0.20763185958,-0.000446003388541,538,0
538,0.204752,-0.044922,0.1,0,0,0,539,0
539,0.204752,-0.044922,0.15,-0.0107588641693,-0.225491860128,-0.00037969065394,540,0
540,0.721821,0.000809194,0.1,0,0,0,541,0
541,0.721821,0.000809194,0.15,-9.16291224512e-05,-0.000293046157633,9.72080494063e-07,542,0
542,0.499201,0.049099,0.1,0,0,0,543,0
543,0.506756,0.0477951,0.1,0,0,0,544,0
544,0.506756,0.0477951,0.15,4.43633104659e-06,2.46999712283e-05,-9.18833889019e-08,545,0
545,0.499201,0.049099,0.15,3.78987151914e-06,2.13358335902e-05,-9.52785027551e-08,546,0
546,0.247727,-0.0467405,0.1,2.66212206791e-24,0,0,547,0
547,0.242354,-0.0465126,0.1,0,0,0,548,0
548,0.242354,-0.0465126,0.15,-0.0153132226409,-0.357634381977,-0.000213006735747,549,0
549,0.247727,-0.0467405,0.15,-0.0160195909728,-0.376779996021,-0.000387078280079,550,0
550,0.236982,-0.0462871,0.1,-6.65530516978e-25,0,0,551,0
551,0.236982,-0.0462871,0.15,-0.0146161773451,-0.33844461677,-0.000104415591095,552,0
552,0.333933,-0.0500063,0.1,2.66212206791e-24,0,0,553,0
553,0.328558,-0.0498028,0.1,0,0,0,554,0
554,0.328558,-0.0498028,0.15,-0.0264161541128,-0.639895486459,0.000416767473598,555,0
555,0.333933,-0.0500063,0.15,-0.0272237684046,-0.655782764742,0.000569642939367,556,0
556,0.323184,-0.0495994,0.1,0,0,0,557,0
557,0.323184,-0.0495994,0.15,-0.0256292476218,-0.623858255135,0.00032191478317,558,0
558,0.285341,-0.0481975,0.1,0,0,0,559,0
559,0.279968,-0.0479779,0.1,0,0,0,560,0
560,0.279968,-0.0479779,0.15,-0.0200074668835,-0.488589649871,-0.000125991932869,561,0
561,0.285341,-0.0481975,0.15,-0.020722564876,-0.506343245109,-0.000366751546979,562,0
562,0.290672,-0.0484029,0.1,5.32424413583e-24,0,0,563,0
563,0.290672,-0.0484029,0.15,-0.021385053589,-0.523618217597,-0.000398065382633,564,0
564,0.37155,-0.051597,0.1,0,0,0,565,0
565,0.366179,-0.0513495,0.1,0,0,0,566,0
566,0.366179,-0.0513495,0.15,-0.0327561405223,-0.749233680868,0.000747720271505,567,0
567,0.37155,-0.051597,0.15,-0.0337036606996,-0.764397443271,0.000578832214583,568,0
568,0.376921,-0.0518455,0.1,2.66212206791e-24,0,0,569,0
569,0.376921,-0.0518455,0.15,-0.0346238956589,-0.779319530854,0.000461237350289,570,0
570,0.419827,-0.0538675,0.1,-1.33106103396e-24,0,0,571,0
571,0.41451,-0.0536137,0.1,-6.65530516978e-25,0,0,572,0
572,0.41451,-0.0536137,0.15,-0.0401842067134,-0.873389568992,0.000110281460385,573,0
573,0.419827,-0.0538675,0.15,-0.040820898676,-0.88479163214,5.72498584332e-05,574,0
574,0.40914,-0.0533575,0.1,-3.32765208203e-25,0,0,575,0
575,0.40914,-0.0533575,0.15,-0.0394973996602,-0.861321215504,0.00017507827132,576,0
576,0.828942,-0.0757214,0.1,0,0,0,577,0
577,0.823587,-0.0753457,0.1,-2.66212206791e-24,0,0,578,0
578,0.823587,-0.0753457,0.15,-0.0305379518674,-0.455040397558,0.000186162727693,579,0
579,0.828942,-0.0757214,0.15,-0.0297761280649,-0.441389340512,0.00010666870845,580,0
580,0.839603,-0.0764658,0.1,0,0,0,581,0
581,0.839603,-0.0764658,0.15,-0.0282215344164,-0.414080186372,5.05251735818e-05,582,0
582,0.818231,-0.0749693,0.1,0,0,0,583,0
583,0.818231,-0.0749693,0.15,-0.0312820649185,-0.468656053215,0.000304316471295,584,0
584,0.807521,-0.0742103,0.1,0,0,0,585,0
585,0.807521,-0.0742103,0.15,-0.0327178325993,-0.495879318759,0.00082487538537,586,0
586,0.931525,-0.0626644,0.1,2.66212206791e-24,0,0,587,0
587,0.935899,-0.064188,0.1,0,0,0,588,0
588,0.935899,-0.064188,0.15,-0.00580582773021,-0.0169818851955,4.34818158898e-05,589,0
589,0.931525,-0.0626644,0.15,-0.00559108210239,-0.016400286644,4.85537587542e-05,590,0
590,0.0644172,0.0463388,0.1,2.07978330556e-26,0,0,591,0
591,0.0719241,0.0486166,0.1,0,0,0,592,0
592,0.0719241,0.0486166,0.15,-6.73595999251e-06,3.50594835969e-05,-3.2016080528e-07,593,0
593,0.0644172,0.0463388,0.15,-3.8078306838e-06,2.59878677112e-05,-1.9919154499e-08,594,0
594,0.0763542,0.0498615,0.1,0,0,0,595,0
595,0.0763542,0.0498615,0.15,-7.74880981187e-06,3.84499912467e-05,-3.96682717035e-07,596,0
596,0.494676,0.0498381,0.1,0,0,0,597,0
597,0.494676,0.0498381,0.15,3.4430244029e-06,1.94393550542e-05,-7.39795992498e-08,598,0
598,0.602978,0.0290809,0.1,0,0,0,599,0
599,0.608045,0.0279912,0.1,-2.07978330556e-26,0,0,600,0
600,0.608045,0.0279912,0.15,1.73293417788e-05,8.71576957553e-05,-2.72312409136e-07,601,0
601,0.602978,0.0290809,0.15,1.68859393866e-05,8.49396277869e-05,-2.45615135815e-07,602,0
602,0.634906,0.0220414,0.1,-4.1595656054e-26,0,0,603,0
603,0.634906,0.0220414,0.15,1.71555833155e-05,8.88527484359e-05,-2.96540435603e-07,604,0
604,0.612971,0.0269002,0.1,0,0,0,605,0
605,0.612971,0.0269002,0.15,1.76499556615e-05,8.88335592741e-05,-2.20206493153e-07,606,0
606,0.683121,0.0106597,0.1,0,0,0,607,0
607,0.683121,0.0106597,0.15,-9.13732770181e-06,-5.14806993004e-06,8.63472755011e-08,608,0
608,0.704909,0.00519345,0.1,-1.66382604102e-25,0,0,609,0
609,0.704909,0.00519345,0.15,-4.5186875497e-05,-0.000132440315917,5.26782618991e-07,610,0
610,0.168401,-0.0430676,0.1,0,0,0,611,0
611,0.168401,-0.0430676,0.15,-0.00639428831791,-0.115330482862,-0.000445721786586,612,0
612,0.188653,-0.0441511,0.1,0,0,0,613,0
613,0.188653,-0.0441511,0.15,-0.00881142473095,-0.173325802013,-0.000442017011155,614,0
614,0.210125,-0.0451727,0.1,2.66212206791e-24,0,0,615,0
615,0.210125,-0.0451727,0.15,-0.0114355938954,-0.24372518441,-0.000430920988988,616,0
616,0.726504,-0.00042116,0.1,1.66382604102e-25,0,0,617,0
617,0.726504,-0.00042116,0.15,-0.000107587434827,-0.000347519742623,1.12073856827e-06,618,0
618,0.854118,-0.0371909,0.1,0,0,0,619,0
619,0.854118,-0.0371909,0.15,-0.00198422771654,-0.0061795426901,2.00742467756e-05,620,0
620,0.511609,0.0469551,0.1,2.59972812623e-27,0,0,621,0
621,0.511609,0.0469551,0.15,4.88209688377e-06,2.70193555571e-05,-1.0129986661e-07,622,0
622,0.531468,0.0434035,0.1,0,0,0,623,0
623,0.531468,0.0434035,0.15,7.08663387817e-06,3.81924059158e-05,-1.42857476228e-07,624,0
624,0.253103,-0.0469497,0.1,2.66212206791e-24,0,0,625,0
625,0.253103,-0.0469497,0.15,-0.0166647008223,-0.395858930745,-0.000325849667627,626,0
626,0.231608,-0.0460759,0.1,0,0,0,627,0
627,0.231608,-0.0460759,0.15,-0.0139801893875,-0.319238056018,-0.000210386630702,628,0
628,0.339307,-0.0502105,0.1,0,0,0,629,0
629,0.339307,-0.0502105,0.15,-0.0280564653849,-0.671536986101,0.000784001967929,630,0
630,0.31781,-0.0493961,0.1,6.65530516978e-25,0,0,631,0
631,0.31781,-0.0493961,0.15,-0.0248605346286,-0.607655783807,0.000270588703457,632,0
632,0.274599,-0.0477589,0.1,1.33106103396e-24,0,0,633,0
633,0.274599,-0.0477589,0.15,-0.0192826435664,-0.470540171437,8.76791220034e-05,634,0
634,0.295611,-0.0485788,0.1,-2.66212206791e-24,0,0,635,0
635,0.295611,-0.0485788,0.15,-0.0219599640941,-0.539260301035,-0.000168371417907,636,0
636,0.360808,-0.051107,0.1,0,0,0,637,0
637,0.360808,-0.051107,0.15,-0.0317973260952,-0.733880641722,0.000869734677336,638,0
638,0.382291,-0.0520939,0.1,-1.33106103396e-24,0,0,639,0
639,0.382291,-0.0520939,0.15,-0.0355133454903,-0.793948249544,0.000411339193631,640,0
640,0.432104,-0.0544578,0.1,5.32424413583e-24,0,0,641,0
641,0.424765,-0.0541034,0.1,0,0,0,642,0
642,0.424765,-0.0541034,0.15,-0.0413707264926,-0.894822696058,8.6097202908e-06,643,0
643,0.432104,-0.0544578,0.15,-0.0421281955221,-0.908962131351,-0.000205637514307,644,0
644,0.436587,-0.0546743,0.1,-5.32424413583e-24,0,0,645,0
645,0.436587,-0.0546743,0.15,-0.0425536860185,-0.917228053872,-0.000359711397538,646,0
646,0.403771,-0.0531016,0.1,-6.65530516978e-25,0,0,647,0
647,0.403771,-0.0531016,0.15,-0.0387679500252,-0.848740447031,0.000256079464454,648,0
648,0.522184,-0.0586164,0.1,5.32424413583e-24,0,0,649,0
649,0.516814,-0.0583614,0.1,5.32424413583e-24,0,0,650,0
650,0.516814,-0.0583614,0.15,-0.0470674234082,-0.998027197603,0.000606299065818,651,0
651,0.522184,-0.0586164,0.15,-0.047242056849,-0.998738343111,0.000440805117028,652,0
652,0.511445,-0.0581157,0.1,-5.32424413583e-24,0,0,653,0
653,0.511445,-0.0581157,0.15,-0.0468743249249,-0.996744902988,0.000479551433989,654,0
654,0.484592,-0.0568965,0.1,0,0,0,655,0
655,0.479222,-0.056643,0.1,1.33106103396e-24,0,0,656,0
656,0.479222,-0.056643,0.15,-0.0455413721292,-0.976569229222,-2.2422173474e-05,657,0
657,0.484592,-0.0568965,0.15,-0.0458181466219,-0.981449994531,-0.000195681980057,658,0
658,0.489962,-0.05715,0.1,1.06484862602e-23,0,0,659,0
659,0.489962,-0.05715,0.15,-0.0460602237309,-0.985723002478,-0.000396498468899,660,0
660,0.44167,-0.0549198,0.1,1.06484862602e-23,0,0,661,0
661,0.44167,-0.0549198,0.15,-0.0429969274953,-0.926152924968,-0.00057890533052,662,0
662,0.446993,-0.0551712,0.1,1.06484862602e-23,0,0,663,0
663,0.446993,-0.0551712,0.15,-0.0434126826099,-0.934980542817,-0.000671711780458,664,0
664,0.473852,-0.0563895,0.1,0,0,0,665,0
665,0.473852,-0.0563895,0.15,-0.0452298097379,-0.971088953466,0.000147831471899,666,0
666,0.468482,-0.0561361,0.1,5.32424413583e-24,0,0,667,0
667,0.468482,-0.0561361,0.15,-0.0448834493908,-0.965019023331,0.000335156008799,668,0
668,0.527554,-0.0588714,0.1,0,0,0,669,0
669,0.527554,-0.0588714,0.15,-0.0473873936293,-0.998876529213,0.000338100760669,670,0
670,0.532924,-0.0591264,0.1,1.33106103396e-24,0,0,671,0
671,0.532924,-0.0591264,0.15,-0.0475048819877,-0.998437833596,0.000283660163336,672,0
672,0.984285,-0.0815174,0.1,0,0,0,673,0
673,0.984285,-0.0815174,0.15,-0.00529763476254,-0.0156022267042,-3.46516133371e-05,674,0
674,0.0600204,0.0448766,0.1,0,0,0,675,0
675,0.0600204,0.0448766,0.15,-1.10019469995e-06,1.83133495236e-05,2.78390988474e-07,676,0
676,0.0811339,0.0511616,0.1,-4.1595656054e-26,0,0,677,0
677,0.0811339,0.0511616,0.15,-8.24286032707e-06,4.01329048716e-05,-4.58115490904e-07,678,0
678,0.0978524,0.0553421,0.1,-4.1595656054e-26,0,0,679,0
679,0.0978524,0.0553421,0.15,-7.32256401876e-06,3.65215911177e-05,-5.4852138475e-07,680,0
680,0.10275,0.0564208,0.1,0,0,0,681,0
681,0.10275,0.0564208,0.15,-6.67857051985e-06,3.38041423114e-05,-5.01081713729e-07,682,0
682,0.431407,0.0595508,0.1,0,0,0,683,0
683,0.436309,0.0588454,0.1,6.49932182415e-28,0,0,684,0
684,0.436309,0.0588454,0.15,6.67525666828e-07,3.68315745266e-06,-1.64035351236e-08,685,0
685,0.431407,0.0595508,0.15,5.50296482786e-07,2.97472739217e-06,-1.65494652795e-08,686,0
686,0.489667,0.0506563,0.1,0,0,0,687,0
687,0.489667,0.0506563,0.15,3.08363694818e-06,1.74739946686e-05,-5.94136979108e-08,688,0
688,0.441533,0.058087,0.1,-6.49932182415e-28,0,0,689,0
689,0.441533,0.058087,0.15,8.10238922627e-07,4.54306120461e-06,-1.74134401911e-08,690,0
690,0.446804,0.0573218,0.1,6.49932182415e-28,0,0,691,0
691,0.446804,0.0573218,0.15,9.70794075991e-07,5.51275451867e-06,-2.09027599554e-08,692,0
692,0.00191614,0.00977141,0.1,0,0,0,693,0
693,0.00191614,0.00977141,0.15,-1.50027766002e-05,-5.45701543461e-05,-1.39188806191e-05,694,0
694,0.67828,0.0118314,0.1,-8.3191312108e-26,0,0,695,0
695,0.67828,0.0118314,0.15,-3.87311808557e-06,1.38880954911e-05,2.87135734891e-08,696,0
696,0.790706,-0.0180843,0.1,0,0,0,697,0
697,0.790706,-0.0180843,0.15,-0.000585601120999,-0.00191381616491,7.96309783651e-06,698,0
698,0.791435,-0.0731689,0.1,-3.32765208203e-25,0,0,699,0
699,0.791435,-0.0731689,0.15,-0.034559298182,-0.537157337865,0.000394216487344,700,0
700,0.940227,-0.0656969,0.1,0,0,0,701,0
701,0.940227,-0.0656969,0.15,-0.00599712496669,-0.017499027071,4.20301879846e-05,702,0
702,0.253211,0.0717946,0.1,-4.06207601438e-29,0,0,703,0
703,0.253211,0.0717946,0.15,2.88516489618e-08,-2.20238374517e-06,1.82008394855e-08,704,0
704,0.27458,0.0718427,0.1,0,0,0,705,0
705,0.27458,0.0718427,0.15,6.70745483464e-09,-1.27741385013e-06,1.20355267456e-08,706,0
706,0.0392675,-0.0269375,0.1,1.06484862602e-23,0,0,707,0
707,0.0392675,-0.0269375,0.15,0.000821655166445,0.00278118136294,9.95637503301e-05,708,0
708,0.844998,-0.0343691,0.1,0,0,0,709,0
709,0.849718,-0.0358151,0.1,0,0,0,710,0
710,0.849718,-0.0358151,0.15,-0.00184269055119,-0.0057599225887,1.98401953224e-05,711,0
711,0.844998,-0.0343691,0.15,-0.00170227979366,-0.00533571237543,1.48704337386e-05,712,0
712,0.840402,-0.0329609,0.1,0,0,0,713,0
713,0.840402,-0.0329609,0.15,-0.00157485390341,-0.00495090028709,1.18074492767e-05,714,0
714,0.506073,-0.0578746,0.1,1.33106103396e-24,0,0,715,0
715,0.500702,-0.0576336,0.1,0,0,0,716,0
716,0.500702,-0.0576336,0.15,-0.04647643142,-0.992433878777,5.77072101794e-06,717,0
717,0.506073,-0.0578746,0.15,-0.0466765397805,-0.994884016927,0.000227500587214,718,0
718,0.495331,-0.0573925,0.1,1.06484862602e-23,0,0,719,0
719,0.495331,-0.0573925,0.15,-0.0462722498884,-0.989382621025,-0.000210811145649,720,0
720,0.457736,-0.0556523,0.1,-2.66212206791e-24,0,0,721,0
721,0.452364,-0.0554117,0.1,-5.32424413583e-24,0,0,722,0
722,0.452364,-0.0554117,0.15,-0.0437904918611,-0.94333828769,-0.000355525987913,723,0
723,0.457736,-0.0556523,0.15,-0.0441615426653,-0.951135644673,-9.1594545754e-05,724,0
724,0.463107,-0.0558928,0.1,0,0,0,725,0
725,0.463107,-0.0558928,0.15,-0.0445254327341,-0.958362254837,0.000161598488607,726,0
726,0.543609,-0.0596357,0.1,-2.07978330556e-26,0,0,727,0
727,0.538293,-0.0593815,0.1,6.65530516978e-25,0,0,728,0
728,0.538293,-0.0593815,0.15,-0.0475958997623,-0.997421954545,0.000263754123443,729,0
729,0.543609,-0.0596357,0.15,-0.0476590590579,-0.995845285314,0.000215119655557,730,0
730,0.548548,-0.0598732,0.1,0,0,0,731,0
731,0.548548,-0.0598732,0.15,-0.047690890136,-0.993848325167,0.000143152253132,732,0
732,0.834299,-0.0760967,0.1,0,0,0,733,0
733,0.834299,-0.0760967,0.15,-0.0289982227793,-0.427686388249,5.25999765557e-05,734,0
734,0.812876,-0.0745898,0.1,5.32424413583e-24,0,0,735,0
735,0.812876,-0.0745898,0.15,-0.0320118062126,-0.482254410466,0.000526960028223,736,0
736,0.979928,-0.0799125,0.1,-6.65530516978e-25,0,0,737,0
737,0.979928,-0.0799125,0.15,-0.00577191782625,-0.0168590061711,-1.0968013964e-05,738,0
738,0.107878,0.0574887,0.1,0,0,0,739,0
739,0.113003,0.0585293,0.1,0,0,0,740,0
740,0.113003,0.0585293,0.15,-5.16325833262e-06,2.69711010507e-05,-3.89193412476e-07,741,0
741,0.107878,0.0574887,0.15,-5.9377904291e-06,3.0503928317e-05,-4.3264006835e-07,742,0
742,0.117831,0.0594793,0.1,2.07978330556e-26,0,0,743,0
743,0.117831,0.0594793,0.15,-4.44384076729e-06,2.36005871397e-05,-3.62453798289e-07,744,0
744,0.452075,0.0565566,0.1,-3.24966040922e-28,0,0,745,0
745,0.457293,0.0557653,0.1,-6.49932182415e-28,0,0,746,0
746,0.457293,0.0557653,0.15,1.34910166204e-06,7.75424070671e-06,-2.84792203194e-08,747,0
747,0.452075,0.0565566,0.15,1.14838282874e-06,6.58607735209e-06,-2.73840803746e-08,748,0
748,0.462313,0.0549937,0.1,0,0,0,749,0
749,0.462313,0.0549937,0.15,1.56186601897e-06,8.97918808978e-06,-2.99519281424e-08,750,0
750,0.598181,0.0301027,0.1,0,0,0,751,0
751,0.598181,0.0301027,0.15,1.63775070573e-05,8.24670821664e-05,-2.1602068124e-07,752,0
752,0.639803,0.0209262,0.1,4.1595656054e-26,0,0,753,0
753,0.639803,0.0209262,0.15,1.64059589119e-05,8.63589619822e-05,-2.8490645313e-07,754,0
754,0.617473,0.0259029,0.1,0,0,0,755,0
755,0.617473,0.0259029,0.15,1.78049373087e-05,8.98285595524e-05,-1.95623447079e-07,756,0
